filename,bag,source_frame_index,relative_time_seconds,bag_timestamp_ns,width,height
rosbag2_2026_07_23-14_38_52__s0000__f000000__t000000ms.jpg,rosbag2_2026_07_23-14_38_52,0,0.000,1784785132532456460,210,311
rosbag2_2026_07_23-14_38_52__s0001__f000004__t000273ms.jpg,rosbag2_2026_07_23-14_38_52,4,0.273,1784785132805529416,210,311
rosbag2_2026_07_23-14_38_52__s0002__f000010__t000473ms.jpg,rosbag2_2026_07_23-14_38_52,10,0.473,1784785133005807891,210,311
rosbag2_2026_07_23-14_38_52__s0003__f000014__t000774ms.jpg,rosbag2_2026_07_23-14_38_52,14,0.774,1784785133306150490,210,311
rosbag2_2026_07_23-14_38_52__s0004__f000017__t000973ms.jpg,rosbag2_2026_07_23-14_38_52,17,0.973,1784785133505757352,210,311
rosbag2_2026_07_23-14_38_52__s0005__f000021__t001236ms.jpg,rosbag2_2026_07_23-14_38_52,21,1.236,1784785133768915661,210,311
rosbag2_2026_07_23-14_38_52__s0006__f000025__t001505ms.jpg,rosbag2_2026_07_23-14_38_52,25,1.505,1784785134037301846,210,311
rosbag2_2026_07_23-14_38_52__s0007__f000029__t001773ms.jpg,rosbag2_2026_07_23-14_38_52,29,1.773,1784785134305903438,210,311
rosbag2_2026_07_23-14_38_52__s0008__f000032__t001972ms.jpg,rosbag2_2026_07_23-14_38_52,32,1.972,1784785134504955319,210,311
rosbag2_2026_07_23-14_38_52__s0009__f000036__t002237ms.jpg,rosbag2_2026_07_23-14_38_52,36,2.237,1784785134769071135,210,311
rosbag2_2026_07_23-14_38_52__s0010__f000040__t002505ms.jpg,rosbag2_2026_07_23-14_38_52,40,2.505,1784785135037668501,210,311
rosbag2_2026_07_23-14_38_52__s0011__f000044__t002773ms.jpg,rosbag2_2026_07_23-14_38_52,44,2.773,1784785135305729692,210,311
rosbag2_2026_07_23-14_38_52__s0012__f000047__t002973ms.jpg,rosbag2_2026_07_23-14_38_52,47,2.973,1784785135505788162,210,311
rosbag2_2026_07_23-14_38_52__s0013__f000051__t003232ms.jpg,rosbag2_2026_07_23-14_38_52,51,3.232,1784785135764382948,210,311
rosbag2_2026_07_23-14_38_52__s0014__f000055__t003506ms.jpg,rosbag2_2026_07_23-14_38_52,55,3.506,1784785136038102510,210,311
rosbag2_2026_07_23-14_38_52__s0015__f000062__t003734ms.jpg,rosbag2_2026_07_23-14_38_52,62,3.734,1784785136266348330,210,311
rosbag2_2026_07_23-14_38_52__s0016__f000068__t003974ms.jpg,rosbag2_2026_07_23-14_38_52,68,3.974,1784785136506022434,210,311
rosbag2_2026_07_23-14_38_52__s0017__f000072__t004236ms.jpg,rosbag2_2026_07_23-14_38_52,72,4.236,1784785136768866891,210,311
rosbag2_2026_07_23-14_38_52__s0018__f000076__t004506ms.jpg,rosbag2_2026_07_23-14_38_52,76,4.506,1784785137038050801,210,311
rosbag2_2026_07_23-14_38_52__s0019__f000080__t004774ms.jpg,rosbag2_2026_07_23-14_38_52,80,4.774,1784785137306526911,210,311
rosbag2_2026_07_23-14_38_52__s0020__f000083__t004973ms.jpg,rosbag2_2026_07_23-14_38_52,83,4.973,1784785137505764087,210,311
rosbag2_2026_07_23-14_38_52__s0021__f000087__t005237ms.jpg,rosbag2_2026_07_23-14_38_52,87,5.237,1784785137769354715,210,311
rosbag2_2026_07_23-14_38_52__s0022__f000091__t005506ms.jpg,rosbag2_2026_07_23-14_38_52,91,5.506,1784785138038074619,210,311
rosbag2_2026_07_23-14_38_52__s0023__f000095__t005773ms.jpg,rosbag2_2026_07_23-14_38_52,95,5.773,1784785138305725216,210,311
rosbag2_2026_07_23-14_38_52__s0024__f000098__t005970ms.jpg,rosbag2_2026_07_23-14_38_52,98,5.970,1784785138502896100,210,311
rosbag2_2026_07_23-14_38_52__s0025__f000102__t006237ms.jpg,rosbag2_2026_07_23-14_38_52,102,6.237,1784785138769854908,210,311
rosbag2_2026_07_23-14_38_52__s0026__f000106__t006498ms.jpg,rosbag2_2026_07_23-14_38_52,106,6.498,1784785139030587713,210,311
rosbag2_2026_07_23-14_38_52__s0027__f000110__t006773ms.jpg,rosbag2_2026_07_23-14_38_52,110,6.773,1784785139305679659,210,311
rosbag2_2026_07_23-14_38_52__s0028__f000117__t007005ms.jpg,rosbag2_2026_07_23-14_38_52,117,7.005,1784785139537821372,210,311
rosbag2_2026_07_23-14_38_52__s0029__f000122__t007237ms.jpg,rosbag2_2026_07_23-14_38_52,122,7.237,1784785139769822440,210,311
rosbag2_2026_07_23-14_38_52__s0030__f000126__t007473ms.jpg,rosbag2_2026_07_23-14_38_52,126,7.473,1784785140005581409,210,311
rosbag2_2026_07_23-14_38_52__s0031__f000130__t007738ms.jpg,rosbag2_2026_07_23-14_38_52,130,7.738,1784785140270060091,210,311
rosbag2_2026_07_23-14_38_52__s0032__f000134__t008005ms.jpg,rosbag2_2026_07_23-14_38_52,134,8.005,1784785140537927695,210,311
rosbag2_2026_07_23-14_38_52__s0033__f000138__t008273ms.jpg,rosbag2_2026_07_23-14_38_52,138,8.273,1784785140805478885,210,311
rosbag2_2026_07_23-14_38_52__s0034__f000141__t008473ms.jpg,rosbag2_2026_07_23-14_38_52,141,8.473,1784785141005882812,210,311
rosbag2_2026_07_23-14_38_52__s0035__f000145__t008734ms.jpg,rosbag2_2026_07_23-14_38_52,145,8.734,1784785141266951953,210,311
rosbag2_2026_07_23-14_38_52__s0036__f000149__t009005ms.jpg,rosbag2_2026_07_23-14_38_52,149,9.005,1784785141537188331,210,311
rosbag2_2026_07_23-14_38_52__s0037__f000153__t009272ms.jpg,rosbag2_2026_07_23-14_38_52,153,9.272,1784785141804769733,210,311
rosbag2_2026_07_23-14_38_52__s0038__f000156__t009468ms.jpg,rosbag2_2026_07_23-14_38_52,156,9.468,1784785142000813599,210,311
rosbag2_2026_07_23-14_38_52__s0039__f000160__t009734ms.jpg,rosbag2_2026_07_23-14_38_52,160,9.734,1784785142266682064,210,311
rosbag2_2026_07_23-14_38_52__s0040__f000164__t010005ms.jpg,rosbag2_2026_07_23-14_38_52,164,10.005,1784785142537510961,210,311
rosbag2_2026_07_23-14_38_52__s0041__f000170__t010236ms.jpg,rosbag2_2026_07_23-14_38_52,170,10.236,1784785142768921228,210,311
rosbag2_2026_07_23-14_38_52__s0042__f000177__t010473ms.jpg,rosbag2_2026_07_23-14_38_52,177,10.473,1784785143005559214,210,311
rosbag2_2026_07_23-14_38_52__s0043__f000182__t010773ms.jpg,rosbag2_2026_07_23-14_38_52,182,10.773,1784785143305612779,210,311
rosbag2_2026_07_23-14_38_52__s0044__f000185__t010973ms.jpg,rosbag2_2026_07_23-14_38_52,185,10.973,1784785143505589661,210,311
rosbag2_2026_07_23-14_38_52__s0045__f000189__t011237ms.jpg,rosbag2_2026_07_23-14_38_52,189,11.237,1784785143769654852,210,311
rosbag2_2026_07_23-14_38_52__s0046__f000193__t011505ms.jpg,rosbag2_2026_07_23-14_38_52,193,11.505,1784785144037551600,210,311
rosbag2_2026_07_23-14_38_52__s0047__f000197__t011773ms.jpg,rosbag2_2026_07_23-14_38_52,197,11.773,1784785144305484716,210,311
rosbag2_2026_07_23-14_38_52__s0048__f000200__t011973ms.jpg,rosbag2_2026_07_23-14_38_52,200,11.973,1784785144505385510,210,311
rosbag2_2026_07_23-14_38_52__s0049__f000204__t012237ms.jpg,rosbag2_2026_07_23-14_38_52,204,12.237,1784785144769570689,210,311
rosbag2_2026_07_23-14_38_52__s0050__f000208__t012504ms.jpg,rosbag2_2026_07_23-14_38_52,208,12.504,1784785145036822665,210,311
rosbag2_2026_07_23-14_38_52__s0051__f000212__t012773ms.jpg,rosbag2_2026_07_23-14_38_52,212,12.773,1784785145305585805,210,311
rosbag2_2026_07_23-14_38_52__s0052__f000215__t012969ms.jpg,rosbag2_2026_07_23-14_38_52,215,12.969,1784785145501568196,210,311
rosbag2_2026_07_23-14_38_52__s0053__f000219__t013237ms.jpg,rosbag2_2026_07_23-14_38_52,219,13.237,1784785145769608686,210,311
rosbag2_2026_07_23-14_38_52__s0054__f000223__t013502ms.jpg,rosbag2_2026_07_23-14_38_52,223,13.502,1784785146034850159,210,311
rosbag2_2026_07_23-14_38_52__s0055__f000228__t013734ms.jpg,rosbag2_2026_07_23-14_38_52,228,13.734,1784785146266232408,210,311
rosbag2_2026_07_23-14_38_52__s0056__f000232__t013974ms.jpg,rosbag2_2026_07_23-14_38_52,232,13.974,1784785146506687591,210,311
rosbag2_2026_07_23-14_38_52__s0057__f000236__t014237ms.jpg,rosbag2_2026_07_23-14_38_52,236,14.237,1784785146769517449,210,311
rosbag2_2026_07_23-14_38_52__s0058__f000240__t014504ms.jpg,rosbag2_2026_07_23-14_38_52,240,14.504,1784785147036461906,210,311
rosbag2_2026_07_23-14_38_52__s0059__f000244__t014773ms.jpg,rosbag2_2026_07_23-14_38_52,244,14.773,1784785147305598088,210,311
rosbag2_2026_07_23-14_38_52__s0060__f000247__t014973ms.jpg,rosbag2_2026_07_23-14_38_52,247,14.973,1784785147505713762,210,311
rosbag2_2026_07_23-14_38_52__s0061__f000251__t015237ms.jpg,rosbag2_2026_07_23-14_38_52,251,15.237,1784785147769737208,210,311
rosbag2_2026_07_23-14_38_52__s0062__f000255__t015505ms.jpg,rosbag2_2026_07_23-14_38_52,255,15.505,1784785148037430826,210,311
rosbag2_2026_07_23-14_38_52__s0063__f000259__t015773ms.jpg,rosbag2_2026_07_23-14_38_52,259,15.773,1784785148305527543,210,311
rosbag2_2026_07_23-14_38_52__s0064__f000262__t015974ms.jpg,rosbag2_2026_07_23-14_38_52,262,15.974,1784785148506071472,210,311
rosbag2_2026_07_23-14_38_52__s0065__f000266__t016234ms.jpg,rosbag2_2026_07_23-14_38_52,266,16.234,1784785148766049087,210,311
rosbag2_2026_07_23-14_38_52__s0066__f000270__t016506ms.jpg,rosbag2_2026_07_23-14_38_52,270,16.506,1784785149038040512,210,311
rosbag2_2026_07_23-14_38_52__s0067__f000274__t016768ms.jpg,rosbag2_2026_07_23-14_38_52,274,16.768,1784785149300055816,210,311
rosbag2_2026_07_23-14_38_52__s0068__f000279__t016973ms.jpg,rosbag2_2026_07_23-14_38_52,279,16.973,1784785149505130382,210,311
rosbag2_2026_07_23-14_38_52__s0069__f000284__t017237ms.jpg,rosbag2_2026_07_23-14_38_52,284,17.237,1784785149769798133,210,311
rosbag2_2026_07_23-14_38_52__s0070__f000288__t017505ms.jpg,rosbag2_2026_07_23-14_38_52,288,17.505,1784785150037476964,210,311
rosbag2_2026_07_23-14_38_52__s0071__f000292__t017773ms.jpg,rosbag2_2026_07_23-14_38_52,292,17.773,1784785150305583844,210,311
rosbag2_2026_07_23-14_38_52__s0072__f000295__t017973ms.jpg,rosbag2_2026_07_23-14_38_52,295,17.973,1784785150505583775,210,311
rosbag2_2026_07_23-14_38_52__s0073__f000299__t018238ms.jpg,rosbag2_2026_07_23-14_38_52,299,18.238,1784785150770052056,210,311
rosbag2_2026_07_23-14_38_52__s0074__f000303__t018504ms.jpg,rosbag2_2026_07_23-14_38_52,303,18.504,1784785151036431540,210,311
rosbag2_2026_07_23-14_38_52__s0075__f000307__t018773ms.jpg,rosbag2_2026_07_23-14_38_52,307,18.773,1784785151305581304,210,311
rosbag2_2026_07_23-14_38_52__s0076__f000310__t018973ms.jpg,rosbag2_2026_07_23-14_38_52,310,18.973,1784785151505548872,210,311
rosbag2_2026_07_23-14_38_52__s0077__f000314__t019237ms.jpg,rosbag2_2026_07_23-14_38_52,314,19.237,1784785151769845772,210,311
rosbag2_2026_07_23-14_38_52__s0078__f000318__t019504ms.jpg,rosbag2_2026_07_23-14_38_52,318,19.504,1784785152036040896,210,311
rosbag2_2026_07_23-14_38_52__s0079__f000322__t019773ms.jpg,rosbag2_2026_07_23-14_38_52,322,19.773,1784785152305537342,210,311
rosbag2_2026_07_23-14_38_52__s0080__f000326__t020003ms.jpg,rosbag2_2026_07_23-14_38_52,326,20.003,1784785152535786721,210,311
rosbag2_2026_07_23-14_38_52__s0081__f000333__t020237ms.jpg,rosbag2_2026_07_23-14_38_52,333,20.237,1784785152769502506,210,311
rosbag2_2026_07_23-14_38_52__s0082__f000339__t020473ms.jpg,rosbag2_2026_07_23-14_38_52,339,20.473,1784785153005578175,210,311
rosbag2_2026_07_23-14_38_52__s0083__f000343__t020737ms.jpg,rosbag2_2026_07_23-14_38_52,343,20.737,1784785153269472475,210,311
rosbag2_2026_07_23-14_38_52__s0084__f000347__t021005ms.jpg,rosbag2_2026_07_23-14_38_52,347,21.005,1784785153537601550,210,311
rosbag2_2026_07_23-14_38_52__s0085__f000351__t021272ms.jpg,rosbag2_2026_07_23-14_38_52,351,21.272,1784785153804410468,210,311
rosbag2_2026_07_23-14_38_52__s0086__f000354__t021473ms.jpg,rosbag2_2026_07_23-14_38_52,354,21.473,1784785154005051909,210,311
rosbag2_2026_07_23-14_38_52__s0087__f000358__t021736ms.jpg,rosbag2_2026_07_23-14_38_52,358,21.736,1784785154268889350,210,311
rosbag2_2026_07_23-14_38_52__s0088__f000362__t022006ms.jpg,rosbag2_2026_07_23-14_38_52,362,22.006,1784785154538443482,210,311
rosbag2_2026_07_23-14_38_52__s0089__f000366__t022273ms.jpg,rosbag2_2026_07_23-14_38_52,366,22.273,1784785154805767011,210,311
rosbag2_2026_07_23-14_38_52__s0090__f000369__t022473ms.jpg,rosbag2_2026_07_23-14_38_52,369,22.473,1784785155005111747,210,311
rosbag2_2026_07_23-14_38_52__s0091__f000373__t022735ms.jpg,rosbag2_2026_07_23-14_38_52,373,22.735,1784785155267859226,210,311
rosbag2_2026_07_23-14_38_52__s0092__f000377__t023004ms.jpg,rosbag2_2026_07_23-14_38_52,377,23.004,1784785155536000066,210,311
rosbag2_2026_07_23-14_38_52__s0093__f000381__t023269ms.jpg,rosbag2_2026_07_23-14_38_52,381,23.269,1784785155801781626,210,311
rosbag2_2026_07_23-14_38_52__s0094__f000386__t023504ms.jpg,rosbag2_2026_07_23-14_38_52,386,23.504,1784785156036903082,210,311
rosbag2_2026_07_23-14_38_52__s0095__f000391__t023732ms.jpg,rosbag2_2026_07_23-14_38_52,391,23.732,1784785156264059470,210,311
rosbag2_2026_07_23-14_38_52__s0096__f000395__t023973ms.jpg,rosbag2_2026_07_23-14_38_52,395,23.973,1784785156505503234,210,311
rosbag2_2026_07_23-14_38_52__s0097__f000399__t024237ms.jpg,rosbag2_2026_07_23-14_38_52,399,24.237,1784785156769894028,210,311
rosbag2_2026_07_23-14_38_52__s0098__f000403__t024505ms.jpg,rosbag2_2026_07_23-14_38_52,403,24.505,1784785157037529488,210,311
rosbag2_2026_07_23-14_38_52__s0099__f000407__t024773ms.jpg,rosbag2_2026_07_23-14_38_52,407,24.773,1784785157305325931,210,311
rosbag2_2026_07_23-14_38_52__s0100__f000410__t024973ms.jpg,rosbag2_2026_07_23-14_38_52,410,24.973,1784785157505526164,210,311
rosbag2_2026_07_23-14_38_52__s0101__f000414__t025237ms.jpg,rosbag2_2026_07_23-14_38_52,414,25.237,1784785157769529331,210,311
rosbag2_2026_07_23-14_38_52__s0102__f000418__t025504ms.jpg,rosbag2_2026_07_23-14_38_52,418,25.504,1784785158036298265,210,311
rosbag2_2026_07_23-14_38_52__s0103__f000422__t025773ms.jpg,rosbag2_2026_07_23-14_38_52,422,25.773,1784785158305855766,210,311
rosbag2_2026_07_23-14_38_52__s0104__f000425__t025970ms.jpg,rosbag2_2026_07_23-14_38_52,425,25.970,1784785158502654511,210,311
rosbag2_2026_07_23-14_38_52__s0105__f000429__t026237ms.jpg,rosbag2_2026_07_23-14_38_52,429,26.237,1784785158769393425,210,311
rosbag2_2026_07_23-14_38_52__s0106__f000433__t026503ms.jpg,rosbag2_2026_07_23-14_38_52,433,26.503,1784785159035559038,210,311
rosbag2_2026_07_23-14_38_52__s0107__f000439__t026737ms.jpg,rosbag2_2026_07_23-14_38_52,439,26.737,1784785159269550181,210,311
rosbag2_2026_07_23-14_38_52__s0108__f000445__t026973ms.jpg,rosbag2_2026_07_23-14_38_52,445,26.973,1784785159505335264,210,311
rosbag2_2026_07_23-14_38_52__s0109__f000449__t027237ms.jpg,rosbag2_2026_07_23-14_38_52,449,27.237,1784785159769361850,210,311
rosbag2_2026_07_23-14_38_52__s0110__f000453__t027503ms.jpg,rosbag2_2026_07_23-14_38_52,453,27.503,1784785160035955101,210,311
rosbag2_2026_07_23-14_38_52__s0111__f000457__t027773ms.jpg,rosbag2_2026_07_23-14_38_52,457,27.773,1784785160305438839,210,311
rosbag2_2026_07_23-14_38_52__s0112__f000460__t027973ms.jpg,rosbag2_2026_07_23-14_38_52,460,27.973,1784785160505385889,210,311
rosbag2_2026_07_23-14_38_52__s0113__f000464__t028237ms.jpg,rosbag2_2026_07_23-14_38_52,464,28.237,1784785160769397858,210,311
rosbag2_2026_07_23-14_38_52__s0114__f000468__t028505ms.jpg,rosbag2_2026_07_23-14_38_52,468,28.505,1784785161037326128,210,311
rosbag2_2026_07_23-14_38_52__s0115__f000472__t028773ms.jpg,rosbag2_2026_07_23-14_38_52,472,28.773,1784785161305400298,210,311
rosbag2_2026_07_23-14_38_52__s0116__f000475__t028973ms.jpg,rosbag2_2026_07_23-14_38_52,475,28.973,1784785161505787144,210,311
rosbag2_2026_07_23-14_38_52__s0117__f000479__t029233ms.jpg,rosbag2_2026_07_23-14_38_52,479,29.233,1784785161765442376,210,311
rosbag2_2026_07_23-14_38_52__s0118__f000483__t029505ms.jpg,rosbag2_2026_07_23-14_38_52,483,29.505,1784785162037197633,210,311
rosbag2_2026_07_23-14_38_52__s0119__f000487__t029770ms.jpg,rosbag2_2026_07_23-14_38_52,487,29.770,1784785162302663703,210,311
rosbag2_2026_07_23-14_38_52__s0120__f000491__t030005ms.jpg,rosbag2_2026_07_23-14_38_52,491,30.005,1784785162537460704,210,311
rosbag2_2026_07_23-14_38_52__s0121__f000498__t030237ms.jpg,rosbag2_2026_07_23-14_38_52,498,30.237,1784785162769531587,210,311
rosbag2_2026_07_23-14_38_52__s0122__f000503__t030472ms.jpg,rosbag2_2026_07_23-14_38_52,503,30.472,1784785163004343588,210,311
rosbag2_2026_07_23-14_38_52__s0123__f000507__t030737ms.jpg,rosbag2_2026_07_23-14_38_52,507,30.737,1784785163269550510,210,311
rosbag2_2026_07_23-14_38_52__s0124__f000511__t031005ms.jpg,rosbag2_2026_07_23-14_38_52,511,31.005,1784785163537175553,210,311
rosbag2_2026_07_23-14_38_52__s0125__f000515__t031274ms.jpg,rosbag2_2026_07_23-14_38_52,515,31.274,1784785163806435801,210,311
rosbag2_2026_07_23-14_38_52__s0126__f000518__t031473ms.jpg,rosbag2_2026_07_23-14_38_52,518,31.473,1784785164005334251,210,311
rosbag2_2026_07_23-14_38_52__s0127__f000522__t031737ms.jpg,rosbag2_2026_07_23-14_38_52,522,31.737,1784785164269674797,210,311
rosbag2_2026_07_23-14_38_52__s0128__f000526__t032003ms.jpg,rosbag2_2026_07_23-14_38_52,526,32.003,1784785164535719176,210,311
rosbag2_2026_07_23-14_38_52__s0129__f000530__t032273ms.jpg,rosbag2_2026_07_23-14_38_52,530,32.273,1784785164805425172,210,311
rosbag2_2026_07_23-14_38_52__s0130__f000533__t032470ms.jpg,rosbag2_2026_07_23-14_38_52,533,32.470,1784785165002751193,210,311
rosbag2_2026_07_23-14_38_52__s0131__f000537__t032737ms.jpg,rosbag2_2026_07_23-14_38_52,537,32.737,1784785165269483004,210,311
rosbag2_2026_07_23-14_38_52__s0132__f000541__t033005ms.jpg,rosbag2_2026_07_23-14_38_52,541,33.005,1784785165537861494,210,311
rosbag2_2026_07_23-14_38_52__s0133__f000547__t033241ms.jpg,rosbag2_2026_07_23-14_38_52,547,33.241,1784785165773005847,210,311
rosbag2_2026_07_23-14_38_52__s0134__f000554__t033503ms.jpg,rosbag2_2026_07_23-14_38_52,554,33.503,1784785166035378430,210,311
rosbag2_2026_07_23-14_38_52__s0135__f000559__t033705ms.jpg,rosbag2_2026_07_23-14_38_52,559,33.705,1784785166237310071,210,311
rosbag2_2026_07_23-14_38_52__s0136__f000563__t034005ms.jpg,rosbag2_2026_07_23-14_38_52,563,34.005,1784785166537294381,210,311
rosbag2_2026_07_23-14_38_52__s0137__f000567__t034274ms.jpg,rosbag2_2026_07_23-14_38_52,567,34.274,1784785166806041791,210,311
rosbag2_2026_07_23-14_38_52__s0138__f000570__t034473ms.jpg,rosbag2_2026_07_23-14_38_52,570,34.473,1784785167005376137,210,311
rosbag2_2026_07_23-14_38_52__s0139__f000574__t034738ms.jpg,rosbag2_2026_07_23-14_38_52,574,34.738,1784785167270092578,210,311
rosbag2_2026_07_23-14_38_52__s0140__f000578__t035005ms.jpg,rosbag2_2026_07_23-14_38_52,578,35.005,1784785167537395123,210,311
rosbag2_2026_07_23-14_38_52__s0141__f000582__t035273ms.jpg,rosbag2_2026_07_23-14_38_52,582,35.273,1784785167805712250,210,311
rosbag2_2026_07_23-14_38_52__s0142__f000585__t035473ms.jpg,rosbag2_2026_07_23-14_38_52,585,35.473,1784785168005363980,210,311
rosbag2_2026_07_23-14_38_52__s0143__f000589__t035733ms.jpg,rosbag2_2026_07_23-14_38_52,589,35.733,1784785168265905675,210,311
rosbag2_2026_07_23-14_38_52__s0144__f000593__t036005ms.jpg,rosbag2_2026_07_23-14_38_52,593,36.005,1784785168537709992,210,311
rosbag2_2026_07_23-14_38_52__s0145__f000597__t036270ms.jpg,rosbag2_2026_07_23-14_38_52,597,36.270,1784785168802940299,210,311
rosbag2_2026_07_23-14_38_52__s0146__f000601__t036505ms.jpg,rosbag2_2026_07_23-14_38_52,601,36.505,1784785169037369278,210,311
rosbag2_2026_07_23-14_38_52__s0147__f000607__t036737ms.jpg,rosbag2_2026_07_23-14_38_52,607,36.737,1784785169269556787,210,311
rosbag2_2026_07_23-14_38_52__s0148__f000612__t036973ms.jpg,rosbag2_2026_07_23-14_38_52,612,36.973,1784785169505055680,210,311
rosbag2_2026_07_23-14_38_52__s0149__f000616__t037241ms.jpg,rosbag2_2026_07_23-14_38_52,616,37.241,1784785169773555715,210,311
rosbag2_2026_07_23-14_38_52__s0150__f000620__t037505ms.jpg,rosbag2_2026_07_23-14_38_52,620,37.505,1784785170037454483,210,311
rosbag2_2026_07_23-14_38_52__s0151__f000624__t037773ms.jpg,rosbag2_2026_07_23-14_38_52,624,37.773,1784785170305543923,210,311
rosbag2_2026_07_23-14_38_52__s0152__f000627__t037973ms.jpg,rosbag2_2026_07_23-14_38_52,627,37.973,1784785170505879326,210,311
rosbag2_2026_07_23-14_38_52__s0153__f000631__t038240ms.jpg,rosbag2_2026_07_23-14_38_52,631,38.240,1784785170772341806,210,311
rosbag2_2026_07_23-14_38_52__s0154__f000635__t038506ms.jpg,rosbag2_2026_07_23-14_38_52,635,38.506,1784785171038034295,210,311
rosbag2_2026_07_23-14_38_52__s0155__f000639__t038773ms.jpg,rosbag2_2026_07_23-14_38_52,639,38.773,1784785171305481801,210,311
rosbag2_2026_07_23-14_38_52__s0156__f000642__t038971ms.jpg,rosbag2_2026_07_23-14_38_52,642,38.971,1784785171503858162,210,311
rosbag2_2026_07_23-14_38_52__s0157__f000646__t039237ms.jpg,rosbag2_2026_07_23-14_38_52,646,39.237,1784785171769307471,210,311
rosbag2_2026_07_23-14_38_52__s0158__f000650__t039505ms.jpg,rosbag2_2026_07_23-14_38_52,650,39.505,1784785172037337318,210,311
rosbag2_2026_07_23-14_38_52__s0159__f000654__t039773ms.jpg,rosbag2_2026_07_23-14_38_52,654,39.773,1784785172305706494,210,311
rosbag2_2026_07_23-14_38_52__s0160__f000661__t040005ms.jpg,rosbag2_2026_07_23-14_38_52,661,40.005,1784785172537271748,210,311
rosbag2_2026_07_23-14_38_52__s0161__f000667__t040237ms.jpg,rosbag2_2026_07_23-14_38_52,667,40.237,1784785172769669328,210,311
rosbag2_2026_07_23-14_38_52__s0162__f000671__t040468ms.jpg,rosbag2_2026_07_23-14_38_52,671,40.468,1784785173000856145,210,311
rosbag2_2026_07_23-14_38_52__s0163__f000675__t040737ms.jpg,rosbag2_2026_07_23-14_38_52,675,40.737,1784785173269623696,210,311
rosbag2_2026_07_23-14_38_52__s0164__f000679__t041005ms.jpg,rosbag2_2026_07_23-14_38_52,679,41.005,1784785173537621966,210,311
rosbag2_2026_07_23-14_38_52__s0165__f000683__t041272ms.jpg,rosbag2_2026_07_23-14_38_52,683,41.272,1784785173804779340,210,311
rosbag2_2026_07_23-14_38_52__s0166__f000686__t041474ms.jpg,rosbag2_2026_07_23-14_38_52,686,41.474,1784785174006447314,210,311
rosbag2_2026_07_23-14_38_52__s0167__f000690__t041737ms.jpg,rosbag2_2026_07_23-14_38_52,690,41.737,1784785174269206269,210,311
rosbag2_2026_07_23-14_38_52__s0168__f000694__t042000ms.jpg,rosbag2_2026_07_23-14_38_52,694,42.000,1784785174532672994,210,311
rosbag2_2026_07_23-14_38_52__s0169__f000698__t042271ms.jpg,rosbag2_2026_07_23-14_38_52,698,42.271,1784785174803238824,210,311
rosbag2_2026_07_23-14_38_52__s0170__f000701__t042469ms.jpg,rosbag2_2026_07_23-14_38_52,701,42.469,1784785175001113087,210,311
rosbag2_2026_07_23-14_38_52__s0171__f000705__t042737ms.jpg,rosbag2_2026_07_23-14_38_52,705,42.737,1784785175268973551,210,311
rosbag2_2026_07_23-14_38_52__s0172__f000709__t043004ms.jpg,rosbag2_2026_07_23-14_38_52,709,43.004,1784785175536895570,210,311
rosbag2_2026_07_23-14_38_52__s0173__f000713__t043237ms.jpg,rosbag2_2026_07_23-14_38_52,713,43.237,1784785175768971812,210,311
rosbag2_2026_07_23-14_38_52__s0174__f000720__t043468ms.jpg,rosbag2_2026_07_23-14_38_52,720,43.468,1784785176000551915,210,311
rosbag2_2026_07_23-14_38_52__s0175__f000725__t043704ms.jpg,rosbag2_2026_07_23-14_38_52,725,43.704,1784785176236476598,210,311
rosbag2_2026_07_23-14_38_52__s0176__f000728__t043969ms.jpg,rosbag2_2026_07_23-14_38_52,728,43.969,1784785176501368638,210,311
rosbag2_2026_07_23-14_38_52__s0177__f000732__t044236ms.jpg,rosbag2_2026_07_23-14_38_52,732,44.236,1784785176768802771,210,311
rosbag2_2026_07_23-14_38_52__s0178__f000736__t044501ms.jpg,rosbag2_2026_07_23-14_38_52,736,44.501,1784785177033093883,210,311
rosbag2_2026_07_23-14_38_52__s0179__f000740__t044768ms.jpg,rosbag2_2026_07_23-14_38_52,740,44.768,1784785177300901464,210,311
rosbag2_2026_07_23-14_38_52__s0180__f000743__t044973ms.jpg,rosbag2_2026_07_23-14_38_52,743,44.973,1784785177504983420,210,311
rosbag2_2026_07_23-14_38_52__s0181__f000747__t045237ms.jpg,rosbag2_2026_07_23-14_38_52,747,45.237,1784785177769206918,210,311
rosbag2_2026_07_23-14_38_52__s0182__f000751__t045506ms.jpg,rosbag2_2026_07_23-14_38_52,751,45.506,1784785178038425139,210,311
rosbag2_2026_07_23-14_38_52__s0183__f000755__t045773ms.jpg,rosbag2_2026_07_23-14_38_52,755,45.773,1784785178305040252,210,311
rosbag2_2026_07_23-14_38_52__s0184__f000758__t045969ms.jpg,rosbag2_2026_07_23-14_38_52,758,45.969,1784785178500971994,210,311
rosbag2_2026_07_23-14_38_52__s0185__f000762__t046237ms.jpg,rosbag2_2026_07_23-14_38_52,762,46.237,1784785178769406110,210,311
rosbag2_2026_07_23-14_38_52__s0186__f000766__t046505ms.jpg,rosbag2_2026_07_23-14_38_52,766,46.505,1784785179036991626,210,311
rosbag2_2026_07_23-14_38_52__s0187__f000773__t046735ms.jpg,rosbag2_2026_07_23-14_38_52,773,46.735,1784785179267872427,210,311
rosbag2_2026_07_23-14_38_52__s0188__f000779__t047005ms.jpg,rosbag2_2026_07_23-14_38_52,779,47.005,1784785179537005389,210,311
rosbag2_2026_07_23-14_38_52__s0189__f000783__t047237ms.jpg,rosbag2_2026_07_23-14_38_52,783,47.237,1784785179768989572,210,311
rosbag2_2026_07_23-14_38_52__s0190__f000787__t047504ms.jpg,rosbag2_2026_07_23-14_38_52,787,47.504,1784785180036820074,210,311
rosbag2_2026_07_23-14_38_52__s0191__f000791__t047769ms.jpg,rosbag2_2026_07_23-14_38_52,791,47.769,1784785180301020947,210,311
rosbag2_2026_07_23-14_38_52__s0192__f000794__t047969ms.jpg,rosbag2_2026_07_23-14_38_52,794,47.969,1784785180501005263,210,311
rosbag2_2026_07_23-14_38_52__s0193__f000798__t048236ms.jpg,rosbag2_2026_07_23-14_38_52,798,48.236,1784785180768489148,210,311
rosbag2_2026_07_23-14_38_52__s0194__f000802__t048505ms.jpg,rosbag2_2026_07_23-14_38_52,802,48.505,1784785181037149614,210,311
rosbag2_2026_07_23-14_38_52__s0195__f000806__t048768ms.jpg,rosbag2_2026_07_23-14_38_52,806,48.768,1784785181300774019,210,311
rosbag2_2026_07_23-14_38_52__s0196__f000809__t048969ms.jpg,rosbag2_2026_07_23-14_38_52,809,48.969,1784785181501251467,210,311
rosbag2_2026_07_23-14_38_52__s0197__f000813__t049234ms.jpg,rosbag2_2026_07_23-14_38_52,813,49.234,1784785181766316545,210,311
rosbag2_2026_07_23-14_38_52__s0198__f000817__t049504ms.jpg,rosbag2_2026_07_23-14_38_52,817,49.504,1784785182036914222,210,311
rosbag2_2026_07_23-14_38_52__s0199__f000821__t049766ms.jpg,rosbag2_2026_07_23-14_38_52,821,49.766,1784785182298369723,210,311
rosbag2_2026_07_23-14_38_52__s0200__f000826__t050004ms.jpg,rosbag2_2026_07_23-14_38_52,826,50.004,1784785182536903158,210,311
rosbag2_2026_07_23-14_38_52__s0201__f000831__t050236ms.jpg,rosbag2_2026_07_23-14_38_52,831,50.236,1784785182768733613,210,311
rosbag2_2026_07_23-14_38_52__s0202__f000835__t050504ms.jpg,rosbag2_2026_07_23-14_38_52,835,50.504,1784785183036680966,210,311
rosbag2_2026_07_23-14_38_52__s0203__f000839__t050768ms.jpg,rosbag2_2026_07_23-14_38_52,839,50.768,1784785183300265434,210,311
rosbag2_2026_07_23-14_38_52__s0204__f000842__t050969ms.jpg,rosbag2_2026_07_23-14_38_52,842,50.969,1784785183500976049,210,311
rosbag2_2026_07_23-14_38_52__s0205__f000846__t051236ms.jpg,rosbag2_2026_07_23-14_38_52,846,51.236,1784785183768824020,210,311
rosbag2_2026_07_23-14_38_52__s0206__f000850__t051504ms.jpg,rosbag2_2026_07_23-14_38_52,850,51.504,1784785184036731038,210,311
rosbag2_2026_07_23-14_38_52__s0207__f000854__t051769ms.jpg,rosbag2_2026_07_23-14_38_52,854,51.769,1784785184301324867,210,311
rosbag2_2026_07_23-14_38_52__s0208__f000857__t051968ms.jpg,rosbag2_2026_07_23-14_38_52,857,51.968,1784785184500945829,210,311
rosbag2_2026_07_23-14_38_52__s0209__f000861__t052236ms.jpg,rosbag2_2026_07_23-14_38_52,861,52.236,1784785184768879722,210,311
rosbag2_2026_07_23-14_38_52__s0210__f000865__t052502ms.jpg,rosbag2_2026_07_23-14_38_52,865,52.502,1784785185034314913,210,311
rosbag2_2026_07_23-14_38_52__s0211__f000869__t052768ms.jpg,rosbag2_2026_07_23-14_38_52,869,52.768,1784785185300672830,210,311
rosbag2_2026_07_23-14_38_52__s0212__f000872__t052969ms.jpg,rosbag2_2026_07_23-14_38_52,872,52.969,1784785185501643979,210,311
rosbag2_2026_07_23-14_38_52__s0213__f000876__t053236ms.jpg,rosbag2_2026_07_23-14_38_52,876,53.236,1784785185768660347,210,311
rosbag2_2026_07_23-14_38_52__s0214__f000884__t053504ms.jpg,rosbag2_2026_07_23-14_38_52,884,53.504,1784785186036750790,210,311
rosbag2_2026_07_23-14_38_52__s0215__f000889__t053764ms.jpg,rosbag2_2026_07_23-14_38_52,889,53.764,1784785186296791579,210,311
rosbag2_2026_07_23-14_38_52__s0216__f000893__t054000ms.jpg,rosbag2_2026_07_23-14_38_52,893,54.000,1784785186532297549,210,311
rosbag2_2026_07_23-14_38_52__s0217__f000897__t054267ms.jpg,rosbag2_2026_07_23-14_38_52,897,54.267,1784785186799914465,210,311
rosbag2_2026_07_23-14_38_52__s0218__f000901__t054530ms.jpg,rosbag2_2026_07_23-14_38_52,901,54.530,1784785187062520923,210,311
rosbag2_2026_07_23-14_38_52__s0219__f000904__t054732ms.jpg,rosbag2_2026_07_23-14_38_52,904,54.732,1784785187264528616,210,311
rosbag2_2026_07_23-14_38_52__s0220__f000908__t055004ms.jpg,rosbag2_2026_07_23-14_38_52,908,55.004,1784785187536366132,210,311
rosbag2_2026_07_23-14_38_52__s0221__f000912__t055267ms.jpg,rosbag2_2026_07_23-14_38_52,912,55.267,1784785187799656104,210,311
rosbag2_2026_07_23-14_38_52__s0222__f000915__t055469ms.jpg,rosbag2_2026_07_23-14_38_52,915,55.469,1784785188001281255,210,311
rosbag2_2026_07_23-14_38_52__s0223__f000919__t055734ms.jpg,rosbag2_2026_07_23-14_38_52,919,55.734,1784785188266034587,210,311
rosbag2_2026_07_23-14_38_52__s0224__f000923__t056003ms.jpg,rosbag2_2026_07_23-14_38_52,923,56.003,1784785188535945413,210,311
rosbag2_2026_07_23-14_38_52__s0225__f000927__t056265ms.jpg,rosbag2_2026_07_23-14_38_52,927,56.265,1784785188797294943,210,311
rosbag2_2026_07_23-14_38_52__s0226__f000932__t056505ms.jpg,rosbag2_2026_07_23-14_38_52,932,56.505,1784785189037398750,210,311
rosbag2_2026_07_23-14_38_52__s0227__f000938__t056737ms.jpg,rosbag2_2026_07_23-14_38_52,938,56.737,1784785189269336264,210,311
rosbag2_2026_07_23-14_38_52__s0228__f000944__t056968ms.jpg,rosbag2_2026_07_23-14_38_52,944,56.968,1784785189500690572,210,311
rosbag2_2026_07_23-14_38_52__s0229__f000948__t057237ms.jpg,rosbag2_2026_07_23-14_38_52,948,57.237,1784785189769726106,210,311
rosbag2_2026_07_23-14_38_52__s0230__f000952__t057504ms.jpg,rosbag2_2026_07_23-14_38_52,952,57.504,1784785190036812839,210,311
rosbag2_2026_07_23-14_38_52__s0231__f000956__t057768ms.jpg,rosbag2_2026_07_23-14_38_52,956,57.768,1784785190300880345,210,311
rosbag2_2026_07_23-14_38_52__s0232__f000959__t057968ms.jpg,rosbag2_2026_07_23-14_38_52,959,57.968,1784785190500806190,210,311
rosbag2_2026_07_23-14_38_52__s0233__f000963__t058236ms.jpg,rosbag2_2026_07_23-14_38_52,963,58.236,1784785190768810910,210,311
rosbag2_2026_07_23-14_38_52__s0234__f000967__t058504ms.jpg,rosbag2_2026_07_23-14_38_52,967,58.504,1784785191036868017,210,311
rosbag2_2026_07_23-14_38_52__s0235__f000971__t058768ms.jpg,rosbag2_2026_07_23-14_38_52,971,58.768,1784785191300793630,210,311
rosbag2_2026_07_23-14_38_52__s0236__f000974__t058968ms.jpg,rosbag2_2026_07_23-14_38_52,974,58.968,1784785191500784618,210,311
rosbag2_2026_07_23-14_38_52__s0237__f000978__t059235ms.jpg,rosbag2_2026_07_23-14_38_52,978,59.235,1784785191767956099,210,311
rosbag2_2026_07_23-14_38_52__s0238__f000982__t059504ms.jpg,rosbag2_2026_07_23-14_38_52,982,59.504,1784785192036836003,210,311
rosbag2_2026_07_23-14_38_52__s0239__f000986__t059736ms.jpg,rosbag2_2026_07_23-14_38_52,986,59.736,1784785192268193306,210,311
rosbag2_2026_07_23-14_38_52__s0240__f000994__t060004ms.jpg,rosbag2_2026_07_23-14_38_52,994,60.004,1784785192536800277,210,311
rosbag2_2026_07_23-14_38_52__s0241__f000997__t060236ms.jpg,rosbag2_2026_07_23-14_38_52,997,60.236,1784785192768174802,210,311
rosbag2_2026_07_23-14_38_52__s0242__f001001__t060504ms.jpg,rosbag2_2026_07_23-14_38_52,1001,60.504,1784785193036742580,210,311
rosbag2_2026_07_23-14_38_52__s0243__f001005__t060768ms.jpg,rosbag2_2026_07_23-14_38_52,1005,60.768,1784785193300775499,210,311
rosbag2_2026_07_23-14_38_52__s0244__f001008__t060968ms.jpg,rosbag2_2026_07_23-14_38_52,1008,60.968,1784785193500628085,210,311
rosbag2_2026_07_23-14_38_52__s0245__f001012__t061236ms.jpg,rosbag2_2026_07_23-14_38_52,1012,61.236,1784785193768063211,210,311
rosbag2_2026_07_23-14_38_52__s0246__f001016__t061504ms.jpg,rosbag2_2026_07_23-14_38_52,1016,61.504,1784785194036758270,210,311
rosbag2_2026_07_23-14_38_52__s0247__f001020__t061768ms.jpg,rosbag2_2026_07_23-14_38_52,1020,61.768,1784785194300447014,210,311
rosbag2_2026_07_23-14_38_52__s0248__f001023__t061968ms.jpg,rosbag2_2026_07_23-14_38_52,1023,61.968,1784785194500741628,210,311
rosbag2_2026_07_23-14_38_52__s0249__f001027__t062233ms.jpg,rosbag2_2026_07_23-14_38_52,1027,62.233,1784785194765734712,210,311
rosbag2_2026_07_23-14_38_52__s0250__f001031__t062504ms.jpg,rosbag2_2026_07_23-14_38_52,1031,62.504,1784785195036744557,210,311
rosbag2_2026_07_23-14_38_52__s0251__f001035__t062767ms.jpg,rosbag2_2026_07_23-14_38_52,1035,62.767,1784785195299115604,210,311
rosbag2_2026_07_23-14_38_52__s0252__f001038__t062968ms.jpg,rosbag2_2026_07_23-14_38_52,1038,62.968,1784785195500469358,210,311
rosbag2_2026_07_23-14_38_52__s0253__f001042__t063232ms.jpg,rosbag2_2026_07_23-14_38_52,1042,63.232,1784785195764361237,210,311
rosbag2_2026_07_23-14_38_52__s0254__f001049__t063504ms.jpg,rosbag2_2026_07_23-14_38_52,1049,63.504,1784785196036608104,210,311
rosbag2_2026_07_23-14_38_52__s0255__f001052__t063735ms.jpg,rosbag2_2026_07_23-14_38_52,1052,63.735,1784785196267004107,210,311
rosbag2_2026_07_23-14_38_52__s0256__f001056__t064001ms.jpg,rosbag2_2026_07_23-14_38_52,1056,64.001,1784785196533725035,210,311
rosbag2_2026_07_23-14_38_52__s0257__f001060__t064268ms.jpg,rosbag2_2026_07_23-14_38_52,1060,64.268,1784785196800477364,210,311
rosbag2_2026_07_23-14_38_52__s0258__f001063__t064468ms.jpg,rosbag2_2026_07_23-14_38_52,1063,64.468,1784785197000572111,210,311
rosbag2_2026_07_23-14_38_52__s0259__f001067__t064736ms.jpg,rosbag2_2026_07_23-14_38_52,1067,64.736,1784785197268446557,210,311
rosbag2_2026_07_23-14_38_52__s0260__f001071__t065000ms.jpg,rosbag2_2026_07_23-14_38_52,1071,65.000,1784785197532395668,210,311
rosbag2_2026_07_23-14_38_52__s0261__f001075__t065267ms.jpg,rosbag2_2026_07_23-14_38_52,1075,65.267,1784785197799375392,210,311
rosbag2_2026_07_23-14_38_52__s0262__f001078__t065466ms.jpg,rosbag2_2026_07_23-14_38_52,1078,65.466,1784785197998083126,210,311
rosbag2_2026_07_23-14_38_52__s0263__f001082__t065736ms.jpg,rosbag2_2026_07_23-14_38_52,1082,65.736,1784785198268414695,210,311
rosbag2_2026_07_23-14_38_52__s0264__f001086__t065997ms.jpg,rosbag2_2026_07_23-14_38_52,1086,65.997,1784785198529255070,210,311
rosbag2_2026_07_23-14_38_52__s0265__f001090__t066268ms.jpg,rosbag2_2026_07_23-14_38_52,1090,66.268,1784785198800177599,210,311
rosbag2_2026_07_23-14_38_52__s0266__f001093__t066468ms.jpg,rosbag2_2026_07_23-14_38_52,1093,66.468,1784785199000276695,210,311
rosbag2_2026_07_23-14_38_52__s0267__f001098__t066736ms.jpg,rosbag2_2026_07_23-14_38_52,1098,66.736,1784785199268120555,210,311
rosbag2_2026_07_23-14_38_52__s0268__f001104__t067000ms.jpg,rosbag2_2026_07_23-14_38_52,1104,67.000,1784785199532535414,210,311
rosbag2_2026_07_23-14_38_52__s0269__f001109__t067268ms.jpg,rosbag2_2026_07_23-14_38_52,1109,67.268,1784785199800189477,210,311
rosbag2_2026_07_23-14_38_52__s0270__f001112__t067468ms.jpg,rosbag2_2026_07_23-14_38_52,1112,67.468,1784785200000696835,210,311
rosbag2_2026_07_23-14_38_52__s0271__f001116__t067736ms.jpg,rosbag2_2026_07_23-14_38_52,1116,67.736,1784785200268130025,210,311
rosbag2_2026_07_23-14_38_52__s0272__f001120__t068000ms.jpg,rosbag2_2026_07_23-14_38_52,1120,68.000,1784785200532237549,210,311
rosbag2_2026_07_23-14_38_52__s0273__f001124__t068266ms.jpg,rosbag2_2026_07_23-14_38_52,1124,68.266,1784785200798943785,210,311
rosbag2_2026_07_23-14_38_52__s0274__f001127__t068468ms.jpg,rosbag2_2026_07_23-14_38_52,1127,68.468,1784785201000614046,210,311
rosbag2_2026_07_23-14_38_52__s0275__f001131__t068730ms.jpg,rosbag2_2026_07_23-14_38_52,1131,68.730,1784785201262076874,210,311
rosbag2_2026_07_23-14_38_52__s0276__f001135__t069000ms.jpg,rosbag2_2026_07_23-14_38_52,1135,69.000,1784785201532292054,210,311
rosbag2_2026_07_23-14_38_52__s0277__f001139__t069265ms.jpg,rosbag2_2026_07_23-14_38_52,1139,69.265,1784785201797008221,210,311
rosbag2_2026_07_23-14_38_52__s0278__f001143__t069531ms.jpg,rosbag2_2026_07_23-14_38_52,1143,69.531,1784785202063721254,210,311
rosbag2_2026_07_23-14_38_52__s0279__f001146__t069730ms.jpg,rosbag2_2026_07_23-14_38_52,1146,69.730,1784785202262660277,210,311
rosbag2_2026_07_23-14_38_52__s0280__f001150__t069999ms.jpg,rosbag2_2026_07_23-14_38_52,1150,69.999,1784785202531832355,210,311
rosbag2_2026_07_23-14_38_52__s0281__f001156__t070263ms.jpg,rosbag2_2026_07_23-14_38_52,1156,70.263,1784785202795796729,210,311
rosbag2_2026_07_23-14_38_52__s0282__f001160__t070499ms.jpg,rosbag2_2026_07_23-14_38_52,1160,70.499,1784785203031298167,210,311
rosbag2_2026_07_23-14_38_52__s0283__f001164__t070767ms.jpg,rosbag2_2026_07_23-14_38_52,1164,70.767,1784785203299949173,210,311
rosbag2_2026_07_23-14_38_52__s0284__f001168__t071032ms.jpg,rosbag2_2026_07_23-14_38_52,1168,71.032,1784785203564287468,210,311
rosbag2_2026_07_23-14_38_52__s0285__f001171__t071232ms.jpg,rosbag2_2026_07_23-14_38_52,1171,71.232,1784785203764006340,210,311
rosbag2_2026_07_23-14_38_52__s0286__f001175__t071499ms.jpg,rosbag2_2026_07_23-14_38_52,1175,71.499,1784785204031838168,210,311
rosbag2_2026_07_23-14_38_52__s0287__f001179__t071764ms.jpg,rosbag2_2026_07_23-14_38_52,1179,71.764,1784785204296323548,210,311
rosbag2_2026_07_23-14_38_52__s0288__f001183__t072032ms.jpg,rosbag2_2026_07_23-14_38_52,1183,72.032,1784785204563977062,210,311
rosbag2_2026_07_23-14_38_52__s0289__f001186__t072232ms.jpg,rosbag2_2026_07_23-14_38_52,1186,72.232,1784785204764129505,210,311
rosbag2_2026_07_23-14_38_52__s0290__f001190__t072497ms.jpg,rosbag2_2026_07_23-14_38_52,1190,72.497,1784785205029313364,210,311
rosbag2_2026_07_23-14_38_52__s0291__f001194__t072768ms.jpg,rosbag2_2026_07_23-14_38_52,1194,72.768,1784785205300046971,210,311
rosbag2_2026_07_23-14_38_52__s0292__f001198__t073029ms.jpg,rosbag2_2026_07_23-14_38_52,1198,73.029,1784785205561861211,210,311
rosbag2_2026_07_23-14_38_52__s0293__f001201__t073232ms.jpg,rosbag2_2026_07_23-14_38_52,1201,73.232,1784785205763968171,210,311
rosbag2_2026_07_23-14_38_52__s0294__f001206__t073500ms.jpg,rosbag2_2026_07_23-14_38_52,1206,73.500,1784785206032058450,210,311
rosbag2_2026_07_23-14_38_52__s0295__f001212__t073763ms.jpg,rosbag2_2026_07_23-14_38_52,1212,73.763,1784785206295395748,210,311
rosbag2_2026_07_23-14_38_52__s0296__f001216__t074031ms.jpg,rosbag2_2026_07_23-14_38_52,1216,74.031,1784785206563945824,210,311
rosbag2_2026_07_23-14_38_52__s0297__f001219__t074232ms.jpg,rosbag2_2026_07_23-14_38_52,1219,74.232,1784785206764551935,210,311
rosbag2_2026_07_23-14_38_52__s0298__f001223__t074500ms.jpg,rosbag2_2026_07_23-14_38_52,1223,74.500,1784785207032097964,210,311
rosbag2_2026_07_23-14_38_52__s0299__f001227__t074768ms.jpg,rosbag2_2026_07_23-14_38_52,1227,74.768,1784785207300096407,210,311
rosbag2_2026_07_23-14_38_52__s0300__f001231__t075032ms.jpg,rosbag2_2026_07_23-14_38_52,1231,75.032,1784785207564330895,210,311
rosbag2_2026_07_23-14_38_52__s0301__f001234__t075233ms.jpg,rosbag2_2026_07_23-14_38_52,1234,75.233,1784785207765053210,210,311
rosbag2_2026_07_23-14_38_52__s0302__f001238__t075500ms.jpg,rosbag2_2026_07_23-14_38_52,1238,75.500,1784785208031975440,210,311
rosbag2_2026_07_23-14_38_52__s0303__f001242__t075768ms.jpg,rosbag2_2026_07_23-14_38_52,1242,75.768,1784785208300043393,210,311
rosbag2_2026_07_23-14_38_52__s0304__f001246__t076031ms.jpg,rosbag2_2026_07_23-14_38_52,1246,76.031,1784785208563799593,210,311
rosbag2_2026_07_23-14_38_52__s0305__f001249__t076231ms.jpg,rosbag2_2026_07_23-14_38_52,1249,76.231,1784785208763874340,210,311
rosbag2_2026_07_23-14_38_52__s0306__f001253__t076499ms.jpg,rosbag2_2026_07_23-14_38_52,1253,76.499,1784785209031954609,210,311
rosbag2_2026_07_23-14_38_52__s0307__f001260__t076768ms.jpg,rosbag2_2026_07_23-14_38_52,1260,76.768,1784785209300009432,210,311
rosbag2_2026_07_23-14_38_52__s0308__f001266__t077032ms.jpg,rosbag2_2026_07_23-14_38_52,1266,77.032,1784785209564383269,210,311
rosbag2_2026_07_23-14_38_52__s0309__f001269__t077232ms.jpg,rosbag2_2026_07_23-14_38_52,1269,77.232,1784785209764008667,210,311
rosbag2_2026_07_23-14_38_52__s0310__f001273__t077500ms.jpg,rosbag2_2026_07_23-14_38_52,1273,77.500,1784785210032015304,210,311
rosbag2_2026_07_23-14_38_52__s0311__f001277__t077767ms.jpg,rosbag2_2026_07_23-14_38_52,1277,77.767,1784785210299918740,210,311
rosbag2_2026_07_23-14_38_52__s0312__f001281__t078031ms.jpg,rosbag2_2026_07_23-14_38_52,1281,78.031,1784785210563886848,210,311
rosbag2_2026_07_23-14_38_52__s0313__f001284__t078227ms.jpg,rosbag2_2026_07_23-14_38_52,1284,78.227,1784785210759337545,210,311
rosbag2_2026_07_23-14_38_52__s0314__f001288__t078500ms.jpg,rosbag2_2026_07_23-14_38_52,1288,78.500,1784785211032513941,210,311
rosbag2_2026_07_23-14_38_52__s0315__f001292__t078768ms.jpg,rosbag2_2026_07_23-14_38_52,1292,78.768,1784785211300371631,210,311
rosbag2_2026_07_23-14_38_52__s0316__f001296__t079032ms.jpg,rosbag2_2026_07_23-14_38_52,1296,79.032,1784785211564136969,210,311
rosbag2_2026_07_23-14_38_52__s0317__f001299__t079232ms.jpg,rosbag2_2026_07_23-14_38_52,1299,79.232,1784785211763959543,210,311
rosbag2_2026_07_23-14_38_52__s0318__f001303__t079498ms.jpg,rosbag2_2026_07_23-14_38_52,1303,79.498,1784785212030138421,210,311
rosbag2_2026_07_23-14_38_52__s0319__f001307__t079768ms.jpg,rosbag2_2026_07_23-14_38_52,1307,79.768,1784785212300360214,210,311
rosbag2_2026_07_23-14_38_52__s0320__f001314__t079999ms.jpg,rosbag2_2026_07_23-14_38_52,1314,79.999,1784785212531888120,210,311
rosbag2_2026_07_23-14_38_52__s0321__f001321__t080267ms.jpg,rosbag2_2026_07_23-14_38_52,1321,80.267,1784785212799039854,210,311
rosbag2_2026_07_23-14_38_52__s0322__f001325__t080499ms.jpg,rosbag2_2026_07_23-14_38_52,1325,80.499,1784785213031773911,210,311
rosbag2_2026_07_23-14_38_52__s0323__f001329__t080732ms.jpg,rosbag2_2026_07_23-14_38_52,1329,80.732,1784785213264326725,210,311
rosbag2_2026_07_23-14_38_52__s0324__f001333__t081001ms.jpg,rosbag2_2026_07_23-14_38_52,1333,81.001,1784785213533057770,210,311
rosbag2_2026_07_23-14_38_52__s0325__f001337__t081268ms.jpg,rosbag2_2026_07_23-14_38_52,1337,81.268,1784785213800084302,210,311
rosbag2_2026_07_23-14_38_52__s0326__f001340__t081468ms.jpg,rosbag2_2026_07_23-14_38_52,1340,81.468,1784785214000493274,210,311
rosbag2_2026_07_23-14_38_52__s0327__f001344__t081736ms.jpg,rosbag2_2026_07_23-14_38_52,1344,81.736,1784785214268291709,210,311
rosbag2_2026_07_23-14_38_52__s0328__f001348__t082000ms.jpg,rosbag2_2026_07_23-14_38_52,1348,82.000,1784785214532421507,210,311
rosbag2_2026_07_23-14_38_52__s0329__f001352__t082268ms.jpg,rosbag2_2026_07_23-14_38_52,1352,82.268,1784785214800123877,210,311
rosbag2_2026_07_23-14_38_52__s0330__f001355__t082468ms.jpg,rosbag2_2026_07_23-14_38_52,1355,82.468,1784785215000261827,210,311
rosbag2_2026_07_23-14_38_52__s0331__f001359__t082734ms.jpg,rosbag2_2026_07_23-14_38_52,1359,82.734,1784785215266884906,210,311
rosbag2_2026_07_23-14_38_52__s0332__f001365__t082972ms.jpg,rosbag2_2026_07_23-14_38_52,1365,82.972,1784785215504729837,210,311
rosbag2_2026_07_23-14_38_52__s0333__f001373__t083267ms.jpg,rosbag2_2026_07_23-14_38_52,1373,83.267,1784785215799908177,210,311
rosbag2_2026_07_23-14_38_52__s0334__f001378__t083467ms.jpg,rosbag2_2026_07_23-14_38_52,1378,83.467,1784785215999419224,210,311
rosbag2_2026_07_23-14_38_52__s0335__f001382__t083731ms.jpg,rosbag2_2026_07_23-14_38_52,1382,83.731,1784785216263619459,210,311
rosbag2_2026_07_23-14_38_52__s0336__f001386__t084004ms.jpg,rosbag2_2026_07_23-14_38_52,1386,84.004,1784785216536649136,210,311
rosbag2_2026_07_23-14_38_52__s0337__f001390__t084272ms.jpg,rosbag2_2026_07_23-14_38_52,1390,84.272,1784785216804667832,210,311
rosbag2_2026_07_23-14_38_52__s0338__f001393__t084471ms.jpg,rosbag2_2026_07_23-14_38_52,1393,84.471,1784785217003508157,210,311
rosbag2_2026_07_23-14_38_52__s0339__f001397__t084736ms.jpg,rosbag2_2026_07_23-14_38_52,1397,84.736,1784785217268611681,210,311
rosbag2_2026_07_23-14_38_52__s0340__f001401__t085004ms.jpg,rosbag2_2026_07_23-14_38_52,1401,85.004,1784785217536507904,210,311
rosbag2_2026_07_23-14_38_52__s0341__f001405__t085268ms.jpg,rosbag2_2026_07_23-14_38_52,1405,85.268,1784785217800830936,210,311
rosbag2_2026_07_23-14_38_52__s0342__f001408__t085467ms.jpg,rosbag2_2026_07_23-14_38_52,1408,85.467,1784785217999171798,210,311
rosbag2_2026_07_23-14_38_52__s0343__f001412__t085736ms.jpg,rosbag2_2026_07_23-14_38_52,1412,85.736,1784785218268651778,210,311
rosbag2_2026_07_23-14_38_52__s0344__f001416__t086002ms.jpg,rosbag2_2026_07_23-14_38_52,1416,86.002,1784785218534358580,210,311
rosbag2_2026_07_23-14_38_52__s0345__f001422__t086236ms.jpg,rosbag2_2026_07_23-14_38_52,1422,86.236,1784785218768424097,210,311
rosbag2_2026_07_23-14_38_52__s0346__f001428__t086504ms.jpg,rosbag2_2026_07_23-14_38_52,1428,86.504,1784785219036651036,210,311
rosbag2_2026_07_23-14_38_52__s0347__f001431__t086736ms.jpg,rosbag2_2026_07_23-14_38_52,1431,86.736,1784785219268121186,210,311
rosbag2_2026_07_23-14_38_52__s0348__f001435__t087004ms.jpg,rosbag2_2026_07_23-14_38_52,1435,87.004,1784785219535975922,210,311
rosbag2_2026_07_23-14_38_52__s0349__f001439__t087271ms.jpg,rosbag2_2026_07_23-14_38_52,1439,87.271,1784785219803602556,210,311
rosbag2_2026_07_23-14_38_52__s0350__f001442__t087469ms.jpg,rosbag2_2026_07_23-14_38_52,1442,87.469,1784785220001465936,210,311
rosbag2_2026_07_23-14_38_52__s0351__f001446__t087736ms.jpg,rosbag2_2026_07_23-14_38_52,1446,87.736,1784785220268839573,210,311
rosbag2_2026_07_23-14_38_52__s0352__f001450__t088004ms.jpg,rosbag2_2026_07_23-14_38_52,1450,88.004,1784785220536244167,210,311
rosbag2_2026_07_23-14_38_52__s0353__f001454__t088272ms.jpg,rosbag2_2026_07_23-14_38_52,1454,88.272,1784785220804602917,210,311
rosbag2_2026_07_23-14_38_52__s0354__f001457__t088473ms.jpg,rosbag2_2026_07_23-14_38_52,1457,88.473,1784785221005350050,210,311
rosbag2_2026_07_23-14_38_52__s0355__f001461__t088733ms.jpg,rosbag2_2026_07_23-14_38_52,1461,88.733,1784785221265241182,210,311
rosbag2_2026_07_23-14_38_52__s0356__f001465__t089003ms.jpg,rosbag2_2026_07_23-14_38_52,1465,89.003,1784785221535857115,210,311
rosbag2_2026_07_23-14_38_52__s0357__f001469__t089271ms.jpg,rosbag2_2026_07_23-14_38_52,1469,89.271,1784785221803930406,210,311
rosbag2_2026_07_23-14_38_52__s0358__f001476__t089503ms.jpg,rosbag2_2026_07_23-14_38_52,1476,89.503,1784785222035742038,210,311
rosbag2_2026_07_23-14_38_52__s0359__f001482__t089736ms.jpg,rosbag2_2026_07_23-14_38_52,1482,89.736,1784785222268204086,210,311
rosbag2_2026_07_23-14_38_52__s0360__f001487__t090035ms.jpg,rosbag2_2026_07_23-14_38_52,1487,90.035,1784785222567460231,210,311
rosbag2_2026_07_23-14_38_52__s0361__f001490__t090236ms.jpg,rosbag2_2026_07_23-14_38_52,1490,90.236,1784785222768436160,210,311
rosbag2_2026_07_23-14_38_52__s0362__f001494__t090504ms.jpg,rosbag2_2026_07_23-14_38_52,1494,90.504,1784785223036698534,210,311
rosbag2_2026_07_23-14_38_52__s0363__f001498__t090772ms.jpg,rosbag2_2026_07_23-14_38_52,1498,90.772,1784785223304799871,210,311
rosbag2_2026_07_23-14_38_52__s0364__f001501__t090972ms.jpg,rosbag2_2026_07_23-14_38_52,1501,90.972,1784785223504674044,210,311
rosbag2_2026_07_23-14_38_52__s0365__f001505__t091236ms.jpg,rosbag2_2026_07_23-14_38_52,1505,91.236,1784785223768606426,210,311
rosbag2_2026_07_23-14_38_52__s0366__f001509__t091503ms.jpg,rosbag2_2026_07_23-14_38_52,1509,91.503,1784785224035489961,210,311
rosbag2_2026_07_23-14_38_52__s0367__f001513__t091772ms.jpg,rosbag2_2026_07_23-14_38_52,1513,91.772,1784785224304583224,210,311
rosbag2_2026_07_23-14_38_52__s0368__f001516__t091971ms.jpg,rosbag2_2026_07_23-14_38_52,1516,91.971,1784785224503488899,210,311
rosbag2_2026_07_23-14_38_52__s0369__f001520__t092237ms.jpg,rosbag2_2026_07_23-14_38_52,1520,92.237,1784785224768957841,210,311
rosbag2_2026_07_23-14_38_52__s0370__f001524__t092502ms.jpg,rosbag2_2026_07_23-14_38_52,1524,92.502,1784785225033984724,210,311
rosbag2_2026_07_23-14_38_52__s0371__f001530__t092736ms.jpg,rosbag2_2026_07_23-14_38_52,1530,92.736,1784785225268430299,210,311
rosbag2_2026_07_23-14_38_52__s0372__f001536__t092972ms.jpg,rosbag2_2026_07_23-14_38_52,1536,92.972,1784785225504502687,210,311
rosbag2_2026_07_23-14_55_06__s0000__f000000__t000000ms.jpg,rosbag2_2026_07_23-14_55_06,0,0.000,1784786106080256295,210,311
rosbag2_2026_07_23-14_55_06__s0001__f000004__t000269ms.jpg,rosbag2_2026_07_23-14_55_06,4,0.269,1784786106349226646,210,311
rosbag2_2026_07_23-14_55_06__s0002__f000007__t000469ms.jpg,rosbag2_2026_07_23-14_55_06,7,0.469,1784786106549543834,210,311
rosbag2_2026_07_23-14_55_06__s0003__f000011__t000735ms.jpg,rosbag2_2026_07_23-14_55_06,11,0.735,1784786106815580490,210,311
rosbag2_2026_07_23-14_55_06__s0004__f000015__t001001ms.jpg,rosbag2_2026_07_23-14_55_06,15,1.001,1784786107081106483,210,311
rosbag2_2026_07_23-14_55_06__s0005__f000019__t001269ms.jpg,rosbag2_2026_07_23-14_55_06,19,1.269,1784786107349181243,210,311
rosbag2_2026_07_23-14_55_06__s0006__f000022__t001469ms.jpg,rosbag2_2026_07_23-14_55_06,22,1.469,1784786107549144638,210,311
rosbag2_2026_07_23-14_55_06__s0007__f000026__t001735ms.jpg,rosbag2_2026_07_23-14_55_06,26,1.735,1784786107815515670,210,311
rosbag2_2026_07_23-14_55_06__s0008__f000030__t002001ms.jpg,rosbag2_2026_07_23-14_55_06,30,2.001,1784786108081076579,210,311
rosbag2_2026_07_23-14_55_06__s0009__f000034__t002269ms.jpg,rosbag2_2026_07_23-14_55_06,34,2.269,1784786108348758074,210,311
rosbag2_2026_07_23-14_55_06__s0010__f000040__t002501ms.jpg,rosbag2_2026_07_23-14_55_06,40,2.501,1784786108581119044,210,311
rosbag2_2026_07_23-14_55_06__s0011__f000045__t002736ms.jpg,rosbag2_2026_07_23-14_55_06,45,2.736,1784786108816055143,210,311
rosbag2_2026_07_23-14_55_06__s0012__f000049__t002969ms.jpg,rosbag2_2026_07_23-14_55_06,49,2.969,1784786109049043637,210,311
rosbag2_2026_07_23-14_55_06__s0013__f000053__t003234ms.jpg,rosbag2_2026_07_23-14_55_06,53,3.234,1784786109314300315,210,311
rosbag2_2026_07_23-14_55_06__s0014__f000057__t003500ms.jpg,rosbag2_2026_07_23-14_55_06,57,3.500,1784786109580177614,210,311
rosbag2_2026_07_23-14_55_06__s0015__f000061__t003767ms.jpg,rosbag2_2026_07_23-14_55_06,61,3.767,1784786109846780325,210,311
rosbag2_2026_07_23-14_55_06__s0016__f000064__t003969ms.jpg,rosbag2_2026_07_23-14_55_06,64,3.969,1784786110049153228,210,311
rosbag2_2026_07_23-14_55_06__s0017__f000068__t004237ms.jpg,rosbag2_2026_07_23-14_55_06,68,4.237,1784786110316952447,210,311
rosbag2_2026_07_23-14_55_06__s0018__f000072__t004501ms.jpg,rosbag2_2026_07_23-14_55_06,72,4.501,1784786110581108014,210,311
rosbag2_2026_07_23-14_55_06__s0019__f000076__t004768ms.jpg,rosbag2_2026_07_23-14_55_06,76,4.768,1784786110847934717,210,311
rosbag2_2026_07_23-14_55_06__s0020__f000079__t004969ms.jpg,rosbag2_2026_07_23-14_55_06,79,4.969,1784786111049084138,210,311
rosbag2_2026_07_23-14_55_06__s0021__f000083__t005237ms.jpg,rosbag2_2026_07_23-14_55_06,83,5.237,1784786111317683204,210,311
rosbag2_2026_07_23-14_55_06__s0022__f000088__t005502ms.jpg,rosbag2_2026_07_23-14_55_06,88,5.502,1784786111582583219,210,311
rosbag2_2026_07_23-14_55_06__s0023__f000095__t005736ms.jpg,rosbag2_2026_07_23-14_55_06,95,5.736,1784786111816398587,210,311
rosbag2_2026_07_23-14_55_06__s0024__f000101__t005969ms.jpg,rosbag2_2026_07_23-14_55_06,101,5.969,1784786112049139024,210,311
rosbag2_2026_07_23-14_55_06__s0025__f000105__t006268ms.jpg,rosbag2_2026_07_23-14_55_06,105,6.268,1784786112348520291,210,311
rosbag2_2026_07_23-14_55_06__s0026__f000108__t006469ms.jpg,rosbag2_2026_07_23-14_55_06,108,6.469,1784786112549098639,210,311
rosbag2_2026_07_23-14_55_06__s0027__f000112__t006736ms.jpg,rosbag2_2026_07_23-14_55_06,112,6.736,1784786112816168369,210,311
rosbag2_2026_07_23-14_55_06__s0028__f000116__t007001ms.jpg,rosbag2_2026_07_23-14_55_06,116,7.001,1784786113080957738,210,311
rosbag2_2026_07_23-14_55_06__s0029__f000120__t007268ms.jpg,rosbag2_2026_07_23-14_55_06,120,7.268,1784786113348665040,210,311
rosbag2_2026_07_23-14_55_06__s0030__f000124__t007529ms.jpg,rosbag2_2026_07_23-14_55_06,124,7.529,1784786113608761864,210,311
rosbag2_2026_07_23-14_55_06__s0031__f000127__t007735ms.jpg,rosbag2_2026_07_23-14_55_06,127,7.735,1784786113814972802,210,311
rosbag2_2026_07_23-14_55_06__s0032__f000131__t008001ms.jpg,rosbag2_2026_07_23-14_55_06,131,8.001,1784786114081161597,210,311
rosbag2_2026_07_23-14_55_06__s0033__f000135__t008268ms.jpg,rosbag2_2026_07_23-14_55_06,135,8.268,1784786114348745502,210,311
rosbag2_2026_07_23-14_55_06__s0034__f000138__t008468ms.jpg,rosbag2_2026_07_23-14_55_06,138,8.468,1784786114548732084,210,311
rosbag2_2026_07_23-14_55_06__s0035__f000142__t008735ms.jpg,rosbag2_2026_07_23-14_55_06,142,8.735,1784786114815237737,210,311
rosbag2_2026_07_23-14_55_06__s0036__f000147__t009001ms.jpg,rosbag2_2026_07_23-14_55_06,147,9.001,1784786115081104143,210,311
rosbag2_2026_07_23-14_55_06__s0037__f000153__t009238ms.jpg,rosbag2_2026_07_23-14_55_06,153,9.238,1784786115317808937,210,311
rosbag2_2026_07_23-14_55_06__s0038__f000156__t009468ms.jpg,rosbag2_2026_07_23-14_55_06,156,9.468,1784786115548603820,210,311
rosbag2_2026_07_23-14_55_06__s0039__f000160__t009735ms.jpg,rosbag2_2026_07_23-14_55_06,160,9.735,1784786115815444227,210,311
rosbag2_2026_07_23-14_55_06__s0040__f000164__t010001ms.jpg,rosbag2_2026_07_23-14_55_06,164,10.001,1784786116081743190,210,311
rosbag2_2026_07_23-14_55_06__s0041__f000168__t010269ms.jpg,rosbag2_2026_07_23-14_55_06,168,10.269,1784786116349251093,210,311
rosbag2_2026_07_23-14_55_06__s0042__f000171__t010469ms.jpg,rosbag2_2026_07_23-14_55_06,171,10.469,1784786116548942357,210,311
rosbag2_2026_07_23-14_55_06__s0043__f000175__t010734ms.jpg,rosbag2_2026_07_23-14_55_06,175,10.734,1784786116814588936,210,311
rosbag2_2026_07_23-14_55_06__s0044__f000179__t011001ms.jpg,rosbag2_2026_07_23-14_55_06,179,11.001,1784786117081101306,210,311
rosbag2_2026_07_23-14_55_06__s0045__f000183__t011269ms.jpg,rosbag2_2026_07_23-14_55_06,183,11.269,1784786117349122176,210,311
rosbag2_2026_07_23-14_55_06__s0046__f000186__t011469ms.jpg,rosbag2_2026_07_23-14_55_06,186,11.469,1784786117548862578,210,311
rosbag2_2026_07_23-14_55_06__s0047__f000190__t011735ms.jpg,rosbag2_2026_07_23-14_55_06,190,11.735,1784786117815227486,210,311
rosbag2_2026_07_23-14_55_06__s0048__f000194__t012001ms.jpg,rosbag2_2026_07_23-14_55_06,194,12.001,1784786118081756194,210,311
rosbag2_2026_07_23-14_55_06__s0049__f000198__t012269ms.jpg,rosbag2_2026_07_23-14_55_06,198,12.269,1784786118349233580,210,311
rosbag2_2026_07_23-14_55_06__s0050__f000204__t012501ms.jpg,rosbag2_2026_07_23-14_55_06,204,12.501,1784786118581180513,210,311
rosbag2_2026_07_23-14_55_06__s0051__f000209__t012736ms.jpg,rosbag2_2026_07_23-14_55_06,209,12.736,1784786118815939428,210,311
rosbag2_2026_07_23-14_55_06__s0052__f000213__t013001ms.jpg,rosbag2_2026_07_23-14_55_06,213,13.001,1784786119081159706,210,311
rosbag2_2026_07_23-14_55_06__s0053__f000217__t013269ms.jpg,rosbag2_2026_07_23-14_55_06,217,13.269,1784786119349236373,210,311
rosbag2_2026_07_23-14_55_06__s0054__f000220__t013466ms.jpg,rosbag2_2026_07_23-14_55_06,220,13.466,1784786119545994322,210,311
rosbag2_2026_07_23-14_55_06__s0055__f000224__t013736ms.jpg,rosbag2_2026_07_23-14_55_06,224,13.736,1784786119816018433,210,311
rosbag2_2026_07_23-14_55_06__s0056__f000228__t013998ms.jpg,rosbag2_2026_07_23-14_55_06,228,13.998,1784786120078380851,210,311
rosbag2_2026_07_23-14_55_06__s0057__f000232__t014267ms.jpg,rosbag2_2026_07_23-14_55_06,232,14.267,1784786120347602157,210,311
rosbag2_2026_07_23-14_55_06__s0058__f000235__t014469ms.jpg,rosbag2_2026_07_23-14_55_06,235,14.469,1784786120548987983,210,311
rosbag2_2026_07_23-14_55_06__s0059__f000239__t014737ms.jpg,rosbag2_2026_07_23-14_55_06,239,14.737,1784786120817262286,210,311
rosbag2_2026_07_23-14_55_06__s0060__f000243__t015001ms.jpg,rosbag2_2026_07_23-14_55_06,243,15.001,1784786121081214928,210,311
rosbag2_2026_07_23-14_55_06__s0061__f000247__t015268ms.jpg,rosbag2_2026_07_23-14_55_06,247,15.268,1784786121348352288,210,311
rosbag2_2026_07_23-14_55_06__s0062__f000250__t015469ms.jpg,rosbag2_2026_07_23-14_55_06,250,15.469,1784786121548844124,210,311
rosbag2_2026_07_23-14_55_06__s0063__f000256__t015735ms.jpg,rosbag2_2026_07_23-14_55_06,256,15.735,1784786121814913981,210,311
rosbag2_2026_07_23-14_55_06__s0064__f000262__t016001ms.jpg,rosbag2_2026_07_23-14_55_06,262,16.001,1784786122081036700,210,311
rosbag2_2026_07_23-14_55_06__s0065__f000266__t016237ms.jpg,rosbag2_2026_07_23-14_55_06,266,16.237,1784786122317503134,210,311
rosbag2_2026_07_23-14_55_06__s0066__f000270__t016501ms.jpg,rosbag2_2026_07_23-14_55_06,270,16.501,1784786122581057343,210,311
rosbag2_2026_07_23-14_55_06__s0067__f000274__t016769ms.jpg,rosbag2_2026_07_23-14_55_06,274,16.769,1784786122849244967,210,311
rosbag2_2026_07_23-14_55_06__s0068__f000277__t016969ms.jpg,rosbag2_2026_07_23-14_55_06,277,16.969,1784786123049107750,210,311
rosbag2_2026_07_23-14_55_06__s0069__f000281__t017236ms.jpg,rosbag2_2026_07_23-14_55_06,281,17.236,1784786123316012863,210,311
rosbag2_2026_07_23-14_55_06__s0070__f000285__t017501ms.jpg,rosbag2_2026_07_23-14_55_06,285,17.501,1784786123581558050,210,311
rosbag2_2026_07_23-14_55_06__s0071__f000289__t017769ms.jpg,rosbag2_2026_07_23-14_55_06,289,17.769,1784786123849121071,210,311
rosbag2_2026_07_23-14_55_06__s0072__f000292__t017969ms.jpg,rosbag2_2026_07_23-14_55_06,292,17.969,1784786124049161976,210,311
rosbag2_2026_07_23-14_55_06__s0073__f000296__t018237ms.jpg,rosbag2_2026_07_23-14_55_06,296,18.237,1784786124317723842,210,311
rosbag2_2026_07_23-14_55_06__s0074__f000300__t018501ms.jpg,rosbag2_2026_07_23-14_55_06,300,18.501,1784786124581020481,210,311
rosbag2_2026_07_23-14_55_06__s0075__f000304__t018768ms.jpg,rosbag2_2026_07_23-14_55_06,304,18.768,1784786124848688656,210,311
rosbag2_2026_07_23-14_55_06__s0076__f000308__t019000ms.jpg,rosbag2_2026_07_23-14_55_06,308,19.000,1784786125080719910,210,311
rosbag2_2026_07_23-14_55_06__s0077__f000314__t019237ms.jpg,rosbag2_2026_07_23-14_55_06,314,19.237,1784786125316878163,210,311
rosbag2_2026_07_23-14_55_06__s0078__f000317__t019500ms.jpg,rosbag2_2026_07_23-14_55_06,317,19.500,1784786125580231735,210,311
rosbag2_2026_07_23-14_55_06__s0079__f000321__t019769ms.jpg,rosbag2_2026_07_23-14_55_06,321,19.769,1784786125848806737,210,311
rosbag2_2026_07_23-14_55_06__s0080__f000325__t020033ms.jpg,rosbag2_2026_07_23-14_55_06,325,20.033,1784786126112926495,210,311
rosbag2_2026_07_23-14_55_06__s0081__f000328__t020233ms.jpg,rosbag2_2026_07_23-14_55_06,328,20.233,1784786126313186079,210,311
rosbag2_2026_07_23-14_55_06__s0082__f000332__t020498ms.jpg,rosbag2_2026_07_23-14_55_06,332,20.498,1784786126577815762,210,311
rosbag2_2026_07_23-14_55_06__s0083__f000336__t020769ms.jpg,rosbag2_2026_07_23-14_55_06,336,20.769,1784786126848831615,210,311
rosbag2_2026_07_23-14_55_06__s0084__f000340__t021030ms.jpg,rosbag2_2026_07_23-14_55_06,340,21.030,1784786127110099902,210,311
rosbag2_2026_07_23-14_55_06__s0085__f000343__t021233ms.jpg,rosbag2_2026_07_23-14_55_06,343,21.233,1784786127312813839,210,311
rosbag2_2026_07_23-14_55_06__s0086__f000347__t021500ms.jpg,rosbag2_2026_07_23-14_55_06,347,21.500,1784786127580344241,210,311
rosbag2_2026_07_23-14_55_06__s0087__f000351__t021769ms.jpg,rosbag2_2026_07_23-14_55_06,351,21.769,1784786127848867253,210,311
rosbag2_2026_07_23-14_55_06__s0088__f000354__t021969ms.jpg,rosbag2_2026_07_23-14_55_06,354,21.969,1784786128048826063,210,311
rosbag2_2026_07_23-14_55_06__s0089__f000359__t022232ms.jpg,rosbag2_2026_07_23-14_55_06,359,22.232,1784786128312690416,210,311
rosbag2_2026_07_23-14_55_06__s0090__f000366__t022469ms.jpg,rosbag2_2026_07_23-14_55_06,366,22.469,1784786128548984705,210,311
rosbag2_2026_07_23-14_55_06__s0091__f000371__t022733ms.jpg,rosbag2_2026_07_23-14_55_06,371,22.733,1784786128812937336,210,311
rosbag2_2026_07_23-14_55_06__s0092__f000375__t023000ms.jpg,rosbag2_2026_07_23-14_55_06,375,23.000,1784786129080311673,210,311
rosbag2_2026_07_23-14_55_06__s0093__f000379__t023265ms.jpg,rosbag2_2026_07_23-14_55_06,379,23.265,1784786129345378614,210,311
rosbag2_2026_07_23-14_55_06__s0094__f000382__t023469ms.jpg,rosbag2_2026_07_23-14_55_06,382,23.469,1784786129548867563,210,311
rosbag2_2026_07_23-14_55_06__s0095__f000386__t023732ms.jpg,rosbag2_2026_07_23-14_55_06,386,23.732,1784786129812169503,210,311
rosbag2_2026_07_23-14_55_06__s0096__f000390__t024001ms.jpg,rosbag2_2026_07_23-14_55_06,390,24.001,1784786130080950241,210,311
rosbag2_2026_07_23-14_55_06__s0097__f000394__t024269ms.jpg,rosbag2_2026_07_23-14_55_06,394,24.269,1784786130349099845,210,311
rosbag2_2026_07_23-14_55_06__s0098__f000397__t024468ms.jpg,rosbag2_2026_07_23-14_55_06,397,24.468,1784786130548385063,210,311
rosbag2_2026_07_23-14_55_06__s0099__f000401__t024733ms.jpg,rosbag2_2026_07_23-14_55_06,401,24.733,1784786130813387548,210,311
rosbag2_2026_07_23-14_55_06__s0100__f000405__t025000ms.jpg,rosbag2_2026_07_23-14_55_06,405,25.000,1784786131080559358,210,311
rosbag2_2026_07_23-14_55_06__s0101__f000409__t025269ms.jpg,rosbag2_2026_07_23-14_55_06,409,25.269,1784786131348768901,210,311
rosbag2_2026_07_23-14_55_06__s0102__f000413__t025501ms.jpg,rosbag2_2026_07_23-14_55_06,413,25.501,1784786131581079849,210,311
rosbag2_2026_07_23-14_55_06__s0103__f000420__t025733ms.jpg,rosbag2_2026_07_23-14_55_06,420,25.733,1784786131813067284,210,311
rosbag2_2026_07_23-14_55_06__s0104__f000425__t026001ms.jpg,rosbag2_2026_07_23-14_55_06,425,26.001,1784786132080968722,210,311
rosbag2_2026_07_23-14_55_06__s0105__f000428__t026233ms.jpg,rosbag2_2026_07_23-14_55_06,428,26.233,1784786132313102076,210,311
rosbag2_2026_07_23-14_55_06__s0106__f000432__t026501ms.jpg,rosbag2_2026_07_23-14_55_06,432,26.501,1784786132581098721,210,311
rosbag2_2026_07_23-14_55_06__s0107__f000436__t026769ms.jpg,rosbag2_2026_07_23-14_55_06,436,26.769,1784786132849041496,210,311
rosbag2_2026_07_23-14_55_06__s0108__f000439__t026969ms.jpg,rosbag2_2026_07_23-14_55_06,439,26.969,1784786133049083625,210,311
rosbag2_2026_07_23-14_55_06__s0109__f000443__t027233ms.jpg,rosbag2_2026_07_23-14_55_06,443,27.233,1784786133313168009,210,311
rosbag2_2026_07_23-14_55_06__s0110__f000447__t027500ms.jpg,rosbag2_2026_07_23-14_55_06,447,27.500,1784786133580573286,210,311
rosbag2_2026_07_23-14_55_06__s0111__f000451__t027769ms.jpg,rosbag2_2026_07_23-14_55_06,451,27.769,1784786133848980331,210,311
rosbag2_2026_07_23-14_55_06__s0112__f000454__t027969ms.jpg,rosbag2_2026_07_23-14_55_06,454,27.969,1784786134049022894,210,311
rosbag2_2026_07_23-14_55_06__s0113__f000458__t028231ms.jpg,rosbag2_2026_07_23-14_55_06,458,28.231,1784786134311650212,210,311
rosbag2_2026_07_23-14_55_06__s0114__f000462__t028501ms.jpg,rosbag2_2026_07_23-14_55_06,462,28.501,1784786134581126710,210,311
rosbag2_2026_07_23-14_55_06__s0115__f000466__t028769ms.jpg,rosbag2_2026_07_23-14_55_06,466,28.769,1784786134849089547,210,311
rosbag2_2026_07_23-14_55_06__s0116__f000473__t029001ms.jpg,rosbag2_2026_07_23-14_55_06,473,29.001,1784786135081009647,210,311
rosbag2_2026_07_23-14_55_06__s0117__f000478__t029233ms.jpg,rosbag2_2026_07_23-14_55_06,478,29.233,1784786135313028020,210,311
rosbag2_2026_07_23-14_55_06__s0118__f000483__t029500ms.jpg,rosbag2_2026_07_23-14_55_06,483,29.500,1784786135580148790,210,311
rosbag2_2026_07_23-14_55_06__s0119__f000487__t029769ms.jpg,rosbag2_2026_07_23-14_55_06,487,29.769,1784786135849167187,210,311
rosbag2_2026_07_23-14_55_06__s0120__f000490__t029969ms.jpg,rosbag2_2026_07_23-14_55_06,490,29.969,1784786136049078029,210,311
rosbag2_2026_07_23-14_55_06__s0121__f000494__t030231ms.jpg,rosbag2_2026_07_23-14_55_06,494,30.231,1784786136310981164,210,311
rosbag2_2026_07_23-14_55_06__s0122__f000498__t030501ms.jpg,rosbag2_2026_07_23-14_55_06,498,30.501,1784786136581164749,210,311
rosbag2_2026_07_23-14_55_06__s0123__f000502__t030768ms.jpg,rosbag2_2026_07_23-14_55_06,502,30.768,1784786136848700711,210,311
rosbag2_2026_07_23-14_55_06__s0124__f000505__t030969ms.jpg,rosbag2_2026_07_23-14_55_06,505,30.969,1784786137049236666,210,311
rosbag2_2026_07_23-14_55_06__s0125__f000509__t031233ms.jpg,rosbag2_2026_07_23-14_55_06,509,31.233,1784786137313281407,210,311
rosbag2_2026_07_23-14_55_06__s0126__f000513__t031501ms.jpg,rosbag2_2026_07_23-14_55_06,513,31.501,1784786137581047101,210,311
rosbag2_2026_07_23-14_55_06__s0127__f000517__t031769ms.jpg,rosbag2_2026_07_23-14_55_06,517,31.769,1784786137849265463,210,311
rosbag2_2026_07_23-14_55_06__s0128__f000520__t031969ms.jpg,rosbag2_2026_07_23-14_55_06,520,31.969,1784786138049235917,210,311
rosbag2_2026_07_23-14_55_06__s0129__f000525__t032233ms.jpg,rosbag2_2026_07_23-14_55_06,525,32.233,1784786138313206055,210,311
rosbag2_2026_07_23-14_55_06__s0130__f000531__t032469ms.jpg,rosbag2_2026_07_23-14_55_06,531,32.469,1784786138549072452,210,311
rosbag2_2026_07_23-14_55_06__s0131__f000536__t032733ms.jpg,rosbag2_2026_07_23-14_55_06,536,32.733,1784786138812796712,210,311
rosbag2_2026_07_23-14_55_06__s0132__f000540__t033001ms.jpg,rosbag2_2026_07_23-14_55_06,540,33.001,1784786139081544915,210,311
rosbag2_2026_07_23-14_55_06__s0133__f000544__t033269ms.jpg,rosbag2_2026_07_23-14_55_06,544,33.269,1784786139349189050,210,311
rosbag2_2026_07_23-14_55_06__s0134__f000548__t033533ms.jpg,rosbag2_2026_07_23-14_55_06,548,33.533,1784786139612842426,210,311
rosbag2_2026_07_23-14_55_06__s0135__f000551__t033731ms.jpg,rosbag2_2026_07_23-14_55_06,551,33.731,1784786139811526024,210,311
rosbag2_2026_07_23-14_55_06__s0136__f000555__t034001ms.jpg,rosbag2_2026_07_23-14_55_06,555,34.001,1784786140081072968,210,311
rosbag2_2026_07_23-14_55_06__s0137__f000559__t034269ms.jpg,rosbag2_2026_07_23-14_55_06,559,34.269,1784786140348772589,210,311
rosbag2_2026_07_23-14_55_06__s0138__f000562__t034469ms.jpg,rosbag2_2026_07_23-14_55_06,562,34.469,1784786140549162223,210,311
rosbag2_2026_07_23-14_55_06__s0139__f000566__t034733ms.jpg,rosbag2_2026_07_23-14_55_06,566,34.733,1784786140812877149,210,311
rosbag2_2026_07_23-14_55_06__s0140__f000570__t035000ms.jpg,rosbag2_2026_07_23-14_55_06,570,35.000,1784786141079970228,210,311
rosbag2_2026_07_23-14_55_06__s0141__f000574__t035269ms.jpg,rosbag2_2026_07_23-14_55_06,574,35.269,1784786141349113681,210,311
rosbag2_2026_07_23-14_55_06__s0142__f000578__t035501ms.jpg,rosbag2_2026_07_23-14_55_06,578,35.501,1784786141581015208,210,311
rosbag2_2026_07_23-14_55_06__s0143__f000584__t035732ms.jpg,rosbag2_2026_07_23-14_55_06,584,35.732,1784786141812288629,210,311
rosbag2_2026_07_23-14_55_06__s0144__f000589__t035969ms.jpg,rosbag2_2026_07_23-14_55_06,589,35.969,1784786142048857733,210,311
rosbag2_2026_07_23-14_55_06__s0145__f000593__t036231ms.jpg,rosbag2_2026_07_23-14_55_06,593,36.231,1784786142311621831,210,311
rosbag2_2026_07_23-14_55_06__s0146__f000597__t036500ms.jpg,rosbag2_2026_07_23-14_55_06,597,36.500,1784786142579846325,210,311
rosbag2_2026_07_23-14_55_06__s0147__f000601__t036769ms.jpg,rosbag2_2026_07_23-14_55_06,601,36.769,1784786142849673730,210,311
rosbag2_2026_07_23-14_55_06__s0148__f000604__t036969ms.jpg,rosbag2_2026_07_23-14_55_06,604,36.969,1784786143048814805,210,311
rosbag2_2026_07_23-14_55_06__s0149__f000608__t037237ms.jpg,rosbag2_2026_07_23-14_55_06,608,37.237,1784786143316774835,210,311
rosbag2_2026_07_23-14_55_06__s0150__f000612__t037502ms.jpg,rosbag2_2026_07_23-14_55_06,612,37.502,1784786143581802466,210,311
rosbag2_2026_07_23-14_55_06__s0151__f000616__t037768ms.jpg,rosbag2_2026_07_23-14_55_06,616,37.768,1784786143848738561,210,311
rosbag2_2026_07_23-14_55_06__s0152__f000619__t037968ms.jpg,rosbag2_2026_07_23-14_55_06,619,37.968,1784786144048715049,210,311
rosbag2_2026_07_23-14_55_06__s0153__f000623__t038231ms.jpg,rosbag2_2026_07_23-14_55_06,623,38.231,1784786144311707293,210,311
rosbag2_2026_07_23-14_55_06__s0154__f000627__t038501ms.jpg,rosbag2_2026_07_23-14_55_06,627,38.501,1784786144580980063,210,311
rosbag2_2026_07_23-14_55_06__s0155__f000632__t038733ms.jpg,rosbag2_2026_07_23-14_55_06,632,38.733,1784786144812804416,210,311
rosbag2_2026_07_23-14_55_06__s0156__f000638__t038969ms.jpg,rosbag2_2026_07_23-14_55_06,638,38.969,1784786145048977827,210,311
rosbag2_2026_07_23-14_55_06__s0157__f000642__t039236ms.jpg,rosbag2_2026_07_23-14_55_06,642,39.236,1784786145316363629,210,311
rosbag2_2026_07_23-14_55_06__s0158__f000646__t039500ms.jpg,rosbag2_2026_07_23-14_55_06,646,39.500,1784786145579852942,210,311
rosbag2_2026_07_23-14_55_06__s0159__f000650__t039769ms.jpg,rosbag2_2026_07_23-14_55_06,650,39.769,1784786145848804785,210,311
rosbag2_2026_07_23-14_55_06__s0160__f000653__t039965ms.jpg,rosbag2_2026_07_23-14_55_06,653,39.965,1784786146045343983,210,311
rosbag2_2026_07_23-14_55_06__s0161__f000657__t040235ms.jpg,rosbag2_2026_07_23-14_55_06,657,40.235,1784786146315029814,210,311
rosbag2_2026_07_23-14_55_06__s0162__f000661__t040499ms.jpg,rosbag2_2026_07_23-14_55_06,661,40.499,1784786146579063011,210,311
rosbag2_2026_07_23-14_55_06__s0163__f000665__t040769ms.jpg,rosbag2_2026_07_23-14_55_06,665,40.769,1784786146848852517,210,311
rosbag2_2026_07_23-14_55_06__s0164__f000668__t040968ms.jpg,rosbag2_2026_07_23-14_55_06,668,40.968,1784786147048242043,210,311
rosbag2_2026_07_23-14_55_06__s0165__f000672__t041232ms.jpg,rosbag2_2026_07_23-14_55_06,672,41.232,1784786147311962570,210,311
rosbag2_2026_07_23-14_55_06__s0166__f000676__t041501ms.jpg,rosbag2_2026_07_23-14_55_06,676,41.501,1784786147580813680,210,311
rosbag2_2026_07_23-14_55_06__s0167__f000680__t041770ms.jpg,rosbag2_2026_07_23-14_55_06,680,41.770,1784786147850165472,210,311
rosbag2_2026_07_23-14_55_06__s0168__f000684__t042000ms.jpg,rosbag2_2026_07_23-14_55_06,684,42.000,1784786148080654815,210,311
rosbag2_2026_07_23-14_55_06__s0169__f000691__t042232ms.jpg,rosbag2_2026_07_23-14_55_06,691,42.232,1784786148312719879,210,311
rosbag2_2026_07_23-14_55_06__s0170__f000696__t042469ms.jpg,rosbag2_2026_07_23-14_55_06,696,42.469,1784786148549216693,210,311
rosbag2_2026_07_23-14_55_06__s0171__f000701__t042732ms.jpg,rosbag2_2026_07_23-14_55_06,701,42.732,1784786148812338568,210,311
rosbag2_2026_07_23-14_55_06__s0172__f000705__t043001ms.jpg,rosbag2_2026_07_23-14_55_06,705,43.001,1784786149081091904,210,311
rosbag2_2026_07_23-14_55_06__s0173__f000709__t043269ms.jpg,rosbag2_2026_07_23-14_55_06,709,43.269,1784786149349087223,210,311
rosbag2_2026_07_23-14_55_06__s0174__f000712__t043469ms.jpg,rosbag2_2026_07_23-14_55_06,712,43.469,1784786149549311730,210,311
rosbag2_2026_07_23-14_55_06__s0175__f000716__t043732ms.jpg,rosbag2_2026_07_23-14_55_06,716,43.732,1784786149812496570,210,311
rosbag2_2026_07_23-14_55_06__s0176__f000720__t044001ms.jpg,rosbag2_2026_07_23-14_55_06,720,44.001,1784786150081014441,210,311
rosbag2_2026_07_23-14_55_06__s0177__f000724__t044268ms.jpg,rosbag2_2026_07_23-14_55_06,724,44.268,1784786150348044629,210,311
rosbag2_2026_07_23-14_55_06__s0178__f000727__t044469ms.jpg,rosbag2_2026_07_23-14_55_06,727,44.469,1784786150549098992,210,311
rosbag2_2026_07_23-14_55_06__s0179__f000731__t044732ms.jpg,rosbag2_2026_07_23-14_55_06,731,44.732,1784786150812035378,210,311
rosbag2_2026_07_23-14_55_06__s0180__f000735__t045001ms.jpg,rosbag2_2026_07_23-14_55_06,735,45.001,1784786151081503727,210,311
rosbag2_2026_07_23-14_55_06__s0181__f000739__t045269ms.jpg,rosbag2_2026_07_23-14_55_06,739,45.269,1784786151349449568,210,311
rosbag2_2026_07_23-14_55_06__s0182__f000746__t045500ms.jpg,rosbag2_2026_07_23-14_55_06,746,45.500,1784786151580540543,210,311
rosbag2_2026_07_23-14_55_06__s0183__f000751__t045732ms.jpg,rosbag2_2026_07_23-14_55_06,751,45.732,1784786151812044939,210,311
rosbag2_2026_07_23-14_55_06__s0184__f000756__t046001ms.jpg,rosbag2_2026_07_23-14_55_06,756,46.001,1784786152081261772,210,311
rosbag2_2026_07_23-14_55_06__s0185__f000760__t046269ms.jpg,rosbag2_2026_07_23-14_55_06,760,46.269,1784786152349022031,210,311
rosbag2_2026_07_23-14_55_06__s0186__f000763__t046469ms.jpg,rosbag2_2026_07_23-14_55_06,763,46.469,1784786152549101128,210,311
rosbag2_2026_07_23-14_55_06__s0187__f000767__t046732ms.jpg,rosbag2_2026_07_23-14_55_06,767,46.732,1784786152812259173,210,311
rosbag2_2026_07_23-14_55_06__s0188__f000771__t047001ms.jpg,rosbag2_2026_07_23-14_55_06,771,47.001,1784786153081039812,210,311
rosbag2_2026_07_23-14_55_06__s0189__f000775__t047269ms.jpg,rosbag2_2026_07_23-14_55_06,775,47.269,1784786153349570242,210,311
rosbag2_2026_07_23-14_55_06__s0190__f000778__t047469ms.jpg,rosbag2_2026_07_23-14_55_06,778,47.469,1784786153549052468,210,311
rosbag2_2026_07_23-14_55_06__s0191__f000782__t047731ms.jpg,rosbag2_2026_07_23-14_55_06,782,47.731,1784786153811713994,210,311
rosbag2_2026_07_23-14_55_06__s0192__f000786__t048000ms.jpg,rosbag2_2026_07_23-14_55_06,786,48.000,1784786154080167715,210,311
rosbag2_2026_07_23-14_55_06__s0193__f000790__t048264ms.jpg,rosbag2_2026_07_23-14_55_06,790,48.264,1784786154344661642,210,311
rosbag2_2026_07_23-14_55_06__s0194__f000794__t048534ms.jpg,rosbag2_2026_07_23-14_55_06,794,48.534,1784786154614295758,210,311
rosbag2_2026_07_23-14_55_06__s0195__f000797__t048731ms.jpg,rosbag2_2026_07_23-14_55_06,797,48.731,1784786154811692943,210,311
rosbag2_2026_07_23-14_55_06__s0196__f000801__t048968ms.jpg,rosbag2_2026_07_23-14_55_06,801,48.968,1784786155047893867,210,311
rosbag2_2026_07_23-14_55_06__s0197__f000806__t049228ms.jpg,rosbag2_2026_07_23-14_55_06,806,49.228,1784786155308342593,210,311
rosbag2_2026_07_23-14_55_06__s0198__f000810__t049500ms.jpg,rosbag2_2026_07_23-14_55_06,810,49.500,1784786155579856282,210,311
rosbag2_2026_07_23-14_55_06__s0199__f000814__t049764ms.jpg,rosbag2_2026_07_23-14_55_06,814,49.764,1784786155843978095,210,311
rosbag2_2026_07_23-14_55_06__s0200__f000817__t049969ms.jpg,rosbag2_2026_07_23-14_55_06,817,49.969,1784786156049008337,210,311
rosbag2_2026_07_23-14_55_06__s0201__f000821__t050231ms.jpg,rosbag2_2026_07_23-14_55_06,821,50.231,1784786156311179548,210,311
rosbag2_2026_07_23-14_55_06__s0202__f000825__t050501ms.jpg,rosbag2_2026_07_23-14_55_06,825,50.501,1784786156581213973,210,311
rosbag2_2026_07_23-14_55_06__s0203__f000829__t050769ms.jpg,rosbag2_2026_07_23-14_55_06,829,50.769,1784786156849121927,210,311
rosbag2_2026_07_23-14_55_06__s0204__f000832__t050969ms.jpg,rosbag2_2026_07_23-14_55_06,832,50.969,1784786157049104129,210,311
rosbag2_2026_07_23-14_55_06__s0205__f000836__t051231ms.jpg,rosbag2_2026_07_23-14_55_06,836,51.231,1784786157311023594,210,311
rosbag2_2026_07_23-14_55_06__s0206__f000840__t051501ms.jpg,rosbag2_2026_07_23-14_55_06,840,51.501,1784786157581029642,210,311
rosbag2_2026_07_23-14_55_06__s0207__f000844__t051765ms.jpg,rosbag2_2026_07_23-14_55_06,844,51.765,1784786157844839261,210,311
rosbag2_2026_07_23-14_55_06__s0208__f000848__t052001ms.jpg,rosbag2_2026_07_23-14_55_06,848,52.001,1784786158081136883,210,311
rosbag2_2026_07_23-14_55_06__s0209__f000856__t052264ms.jpg,rosbag2_2026_07_23-14_55_06,856,52.264,1784786158344683259,210,311
rosbag2_2026_07_23-14_55_06__s0210__f000861__t052533ms.jpg,rosbag2_2026_07_23-14_55_06,861,52.533,1784786158612995814,210,311
rosbag2_2026_07_23-14_55_06__s0211__f000864__t052765ms.jpg,rosbag2_2026_07_23-14_55_06,864,52.765,1784786158845041184,210,311
rosbag2_2026_07_23-14_55_06__s0212__f000868__t053029ms.jpg,rosbag2_2026_07_23-14_55_06,868,53.029,1784786159109172074,210,311
rosbag2_2026_07_23-14_55_06__s0213__f000871__t053232ms.jpg,rosbag2_2026_07_23-14_55_06,871,53.232,1784786159311834763,210,311
rosbag2_2026_07_23-14_55_06__s0214__f000875__t053500ms.jpg,rosbag2_2026_07_23-14_55_06,875,53.500,1784786159580709360,210,311
rosbag2_2026_07_23-14_55_06__s0215__f000879__t053765ms.jpg,rosbag2_2026_07_23-14_55_06,879,53.765,1784786159844968954,210,311
rosbag2_2026_07_23-14_55_06__s0216__f000883__t054033ms.jpg,rosbag2_2026_07_23-14_55_06,883,54.033,1784786160112945183,210,311
rosbag2_2026_07_23-14_55_06__s0217__f000886__t054232ms.jpg,rosbag2_2026_07_23-14_55_06,886,54.232,1784786160312284668,210,311
rosbag2_2026_07_23-14_55_06__s0218__f000890__t054500ms.jpg,rosbag2_2026_07_23-14_55_06,890,54.500,1784786160580553849,210,311
rosbag2_2026_07_23-14_55_06__s0219__f000894__t054765ms.jpg,rosbag2_2026_07_23-14_55_06,894,54.765,1784786160845043942,210,311
rosbag2_2026_07_23-14_55_06__s0220__f000897__t054969ms.jpg,rosbag2_2026_07_23-14_55_06,897,54.969,1784786161049000401,210,311
rosbag2_2026_07_23-14_55_06__s0221__f000901__t055232ms.jpg,rosbag2_2026_07_23-14_55_06,901,55.232,1784786161311999588,210,311
rosbag2_2026_07_23-14_55_06__s0222__f000907__t055501ms.jpg,rosbag2_2026_07_23-14_55_06,907,55.501,1784786161581718344,210,311
rosbag2_2026_07_23-14_55_06__s0223__f000913__t055769ms.jpg,rosbag2_2026_07_23-14_55_06,913,55.769,1784786161849608456,210,311
rosbag2_2026_07_23-14_55_06__s0224__f000916__t055969ms.jpg,rosbag2_2026_07_23-14_55_06,916,55.969,1784786162049361840,210,311
rosbag2_2026_07_23-14_55_06__s0225__f000920__t056232ms.jpg,rosbag2_2026_07_23-14_55_06,920,56.232,1784786162312436346,210,311
rosbag2_2026_07_23-14_55_06__s0226__f000924__t056502ms.jpg,rosbag2_2026_07_23-14_55_06,924,56.502,1784786162581942153,210,311
rosbag2_2026_07_23-14_55_06__s0227__f000928__t056769ms.jpg,rosbag2_2026_07_23-14_55_06,928,56.769,1784786162849620262,210,311
rosbag2_2026_07_23-14_55_06__s0228__f000931__t056969ms.jpg,rosbag2_2026_07_23-14_55_06,931,56.969,1784786163049628048,210,311
rosbag2_2026_07_23-14_55_06__s0229__f000935__t057236ms.jpg,rosbag2_2026_07_23-14_55_06,935,57.236,1784786163316163530,210,311
rosbag2_2026_07_23-14_55_06__s0230__f000939__t057505ms.jpg,rosbag2_2026_07_23-14_55_06,939,57.505,1784786163585494192,210,311
rosbag2_2026_07_23-14_55_06__s0231__f000943__t057769ms.jpg,rosbag2_2026_07_23-14_55_06,943,57.769,1784786163849493560,210,311
rosbag2_2026_07_23-14_55_06__s0232__f000946__t057970ms.jpg,rosbag2_2026_07_23-14_55_06,946,57.970,1784786164049856195,210,311
rosbag2_2026_07_23-14_55_06__s0233__f000950__t058236ms.jpg,rosbag2_2026_07_23-14_55_06,950,58.236,1784786164315893695,210,311
rosbag2_2026_07_23-14_55_06__s0234__f000957__t058506ms.jpg,rosbag2_2026_07_23-14_55_06,957,58.506,1784786164585886461,210,311
rosbag2_2026_07_23-14_55_06__s0235__f000961__t058705ms.jpg,rosbag2_2026_07_23-14_55_06,961,58.705,1784786164785290936,210,311
rosbag2_2026_07_23-14_55_06__s0236__f000966__t059005ms.jpg,rosbag2_2026_07_23-14_55_06,966,59.005,1784786165085753880,210,311
rosbag2_2026_07_23-14_55_06__s0237__f000970__t059270ms.jpg,rosbag2_2026_07_23-14_55_06,970,59.270,1784786165349859204,210,311
rosbag2_2026_07_23-14_55_06__s0238__f000973__t059470ms.jpg,rosbag2_2026_07_23-14_55_06,973,59.470,1784786165549896935,210,311
rosbag2_2026_07_23-14_55_06__s0239__f000977__t059731ms.jpg,rosbag2_2026_07_23-14_55_06,977,59.731,1784786165811483533,210,311
rosbag2_2026_07_23-14_55_06__s0240__f000981__t060001ms.jpg,rosbag2_2026_07_23-14_55_06,981,60.001,1784786166081383648,210,311
rosbag2_2026_07_23-14_55_06__s0241__f000985__t060269ms.jpg,rosbag2_2026_07_23-14_55_06,985,60.269,1784786166349056711,210,311
rosbag2_2026_07_23-14_55_06__s0242__f000988__t060465ms.jpg,rosbag2_2026_07_23-14_55_06,988,60.465,1784786166544989428,210,311
rosbag2_2026_07_23-14_55_06__s0243__f000992__t060737ms.jpg,rosbag2_2026_07_23-14_55_06,992,60.737,1784786166817317044,210,311
rosbag2_2026_07_23-14_55_06__s0244__f000996__t061006ms.jpg,rosbag2_2026_07_23-14_55_06,996,61.006,1784786167086097457,210,311
rosbag2_2026_07_23-14_55_06__s0245__f001000__t061274ms.jpg,rosbag2_2026_07_23-14_55_06,1000,61.274,1784786167354045687,210,311
rosbag2_2026_07_23-14_55_06__s0246__f001007__t061505ms.jpg,rosbag2_2026_07_23-14_55_06,1007,61.505,1784786167585598517,210,311
rosbag2_2026_07_23-14_55_06__s0247__f001012__t061736ms.jpg,rosbag2_2026_07_23-14_55_06,1012,61.736,1784786167815916266,210,311
rosbag2_2026_07_23-14_55_06__s0248__f001017__t061973ms.jpg,rosbag2_2026_07_23-14_55_06,1017,61.973,1784786168053551103,210,311
rosbag2_2026_07_23-14_55_06__s0249__f001021__t062237ms.jpg,rosbag2_2026_07_23-14_55_06,1021,62.237,1784786168316899264,210,311
rosbag2_2026_07_23-14_55_06__s0250__f001025__t062506ms.jpg,rosbag2_2026_07_23-14_55_06,1025,62.506,1784786168586480675,210,311
rosbag2_2026_07_23-14_55_06__s0251__f001029__t062774ms.jpg,rosbag2_2026_07_23-14_55_06,1029,62.774,1784786168854233589,210,311
rosbag2_2026_07_23-14_55_06__s0252__f001032__t062974ms.jpg,rosbag2_2026_07_23-14_55_06,1032,62.974,1784786169053789043,210,311
rosbag2_2026_07_23-14_55_06__s0253__f001036__t063237ms.jpg,rosbag2_2026_07_23-14_55_06,1036,63.237,1784786169317545370,210,311
rosbag2_2026_07_23-14_55_06__s0254__f001040__t063506ms.jpg,rosbag2_2026_07_23-14_55_06,1040,63.506,1784786169585772613,210,311
rosbag2_2026_07_23-14_55_06__s0255__f001044__t063773ms.jpg,rosbag2_2026_07_23-14_55_06,1044,63.773,1784786169853725460,210,311
rosbag2_2026_07_23-14_55_06__s0256__f001047__t063975ms.jpg,rosbag2_2026_07_23-14_55_06,1047,63.975,1784786170055434011,210,311
rosbag2_2026_07_23-14_55_06__s0257__f001051__t064238ms.jpg,rosbag2_2026_07_23-14_55_06,1051,64.238,1784786170317857404,210,311
